cat_id,TOG,ROG
10,1,0.6986
11,1,0.954
12,1,0.954
13,1,1
14,1,0.954
15,1,0.7536
16,1,0.6195
17,1,0.656
18,1,0.955
19,1,0.656
20,1,1
21,1,0.6986
22,1,0.6986
23,1,0.945
24,1,1
25,1,1
26,1,1
27,1,1
28,1,1
29,1,1
30,1,1
31,1,1
32,1,1
33,1,0.6986
34,1,0.6986
35,1,0.6986
36,1,0.6986
37,1,0.6986
38,1,1
39,1,0.6986
40,1,0.6986
41,1,0.6986
42,1,0.6986
43,1,0.8311
44,1,0.8311
45,1,0.6986
46,1,0.8745
47,1,0.6986
48,1,0.6388
49,1,0.262
50,1,1
51,1,0.014
52,1,0.8689
53,1,0.6986
54,1,0.6986
55,1,0.954
56,1,1
57,1,0.954
58,1,0.954
59,1,1
60,1,0.954
61,1,0.012
62,1,1
63,1,1
64,1,1
65,1,1
66,1,1
67,1,1
68,1,1
69,1,1
70,1,1
71,1,1
72,1,1
73,1,1
74,1,1
75,1,1
76,1,1
77,1,1
78,1,1
79,1,1
80,1,1
81,1,1
82,1,1
83,1,1
84,1,0.948
85,1,0.6986
86,1,0.885
87,1,0.885
88,1,0.885
89,1,1
90,1,1
91,1,0.6986
92,1,1
93,1,1
94,1,1
95,1,1
96,1,1
97,1,1
98,1,1
99,1,1
100,1,0
101,1,1
102,1,0.6
103,1,0
104,1,1
105,1,0
106,1,0
107,1,1
108,1,1
109,1,1
110,1,1
111,1,1
112,1,1
113,1,1
114,1,1
115,1,0.9599
116,1,1
117,1,0.868
118,1,0.945
119,1,1
120,1,1
121,1,1
122,1,1
123,1,1
124,1,1
125,1,1
126,1,1
127,1,0.613
128,1,1
129,1,1
130,1,1
131,1,1
132,1,1
133,1,1
134,1,0.929
135,1,1
136,1,1
137,1,1
138,1,1
139,1,1
140,1,1
141,1,1
142,1,1
143,1,1
144,1,1
145,1,1
146,1,1
147,1,1
148,1,1
149,1,1
150,1,1
151,1,1
152,1,1
153,1,1
154,1,1
155,1,1
156,1,1
157,1,1
158,1,1
159,1,1
160,1,1
161,1,1
162,1,1
163,1,1
164,1,1
165,1,1
166,1,0.9444
167,1,0.9444
168,1,0.9444
169,1,0.9444
170,1,0.9444
171,1,0.9444
172,1,0.9444
173,1,0.9444
174,1,0.9444
175,1,0.9444
176,1,0.9444
177,1,0.9444
178,1,0.9444
179,1,0.9444
180,1,0.9444
181,1,0.9444
182,1,0.9444
183,1,0.9444
184,1,0.9444
185,1,0.9444
186,1,0.9444
187,1,0.9444
188,1,0.9444
189,1,0.9444
190,1,0.9444
191,1,0.9444
192,1,0.9444
193,1,0.9444
194,1,0.9444
195,1,0
196,1,0.968
197,1,0.986
198,1,0.9444
199,1,0.9444
200,1,0.9444
201,1,0.9444
202,1,0.01
203,1,0.08
204,1,0.9444
205,1,1
206,1,1
207,1,1
208,1,1
209,1,1
210,1,1
211,1,1
212,1,1
213,1,1
214,1,1
215,1,1
216,1,1
217,1,1
218,1,1
219,1,0
220,1,1
221,1,1
222,1,1
223,1,1
224,1,1
225,1,1
226,1,1
227,1,1
228,1,1
229,1,1
230,1,1
231,1,1
232,1,1
233,1,1
234,1,1
235,1,1
236,1,1
237,1,1
238,1,1
239,1,1
240,1,1
241,1,1
242,1,1
243,1,1
244,1,1
245,1,1
246,1,1
247,1,1
248,1,1
249,1,1
250,1,1
251,1,1
252,1,0.9879
253,1,0.8
254,1,0.9879
255,1,0.8
256,1,0.9879
257,1,0.8
258,1,0.9879
259,1,0.8
260,1,0.9879
261,1,0.8
262,1,0.9879
263,1,0.65
264,1,0.9879
265,1,0.8
266,1,0.9879
267,1,0.65
268,1,0.9879
269,1,0.6577
270,1,0.9879
271,1,0.8
272,1,0.9879
273,1,0.8
274,1,0.9631
275,1,0.8
276,1,0.9879
277,1,0.8
278,1,0.9879
279,1,0.8
280,1,0.9879
281,1,0.8
282,1,0.6986
283,1,0.4223
284,1,0.4223
285,1,0.4223
286,1,0.6455
287,1,0.8281
288,1,0.4149
289,1,0.4149
290,1,0.4149
291,1,0.6986
292,1,0.074
293,1,0.4223
294,1,0.8281
295,1,1
296,1,1
297,1,0.8785
298,1,0.6455
299,1,0.3965
300,1,0.8281
301,1,0.1269
302,1,0.9599
303,1,0.074
304,1,0.8785
305,1,0.6986
306,1,0.8438
307,1,0.4223
308,1,0.6601
309,1,0.8347
310,1,0.8347
311,1,0.048
312,1,0.6986
313,1,0.6986
314,1,0.6986
315,1,0.5698
316,1,0.5698
317,1,0.5698
318,1,0.5698
319,1,0.5698
320,1,0.9599
321,1,0.9599
322,1,0.904
323,1,0.985
324,1,0.904
325,1,0.985
326,1,0.904
327,1,0.985
328,1,0.9599
329,1,0.985
330,1,0.9599
331,1,1
332,1,1
333,1,1
334,1,1
335,1,1
336,1,1
337,1,1
338,1,1
339,1,1
340,1,1
341,1,1
342,1,1
343,1,0.8277
344,1,0.9456
345,1,0.9456
346,1,0.9447
347,1,0.9447
348,1,0.9447
349,1,0.9456
350,1,0.9456
351,1,0.9447
352,1,0.9447
353,1,0.9456
354,1,0.9456
355,1,0.9447
356,1,0.9447
357,1,1
358,1,0.9599
359,1,1
360,1,0.991
361,1,0.904
362,1,0.985
363,1,1
364,1,1
365,1,1
366,1,1
367,1,1
368,1,1
369,1,1
370,1,1
371,1,1
372,1,1
373,1,1
374,1,1
375,1,1
376,1,1
377,1,1
378,1,1
379,1,1
380,1,1
381,1,1
382,1,1
383,1,1
384,1,1
385,1,1
386,1,1
387,1,1
388,1,1
389,1,1
390,1,1
391,1,1
392,1,1
393,1,1
394,1,1
395,1,1
396,1,1
397,1,1
398,1,1
399,1,1
400,1,1
401,1,1
402,1,1
403,1,1
404,1,1
405,1,1
406,1,1
407,1,1
408,1,1
409,1,1
410,1,1
411,1,1
412,1,1
413,1,1
414,1,1
415,1,1
416,1,1
417,1,1
418,1,1
419,1,1
420,1,0.9128
421,1,0.9128
422,1,0.9128
423,1,0.9128
424,1,0.9128
425,1,0.9128
426,1,0.9128
427,1,0.9128
428,1,0.9128
429,1,0.9128
430,1,0.9128
431,1,0.9128
432,1,0.9128
433,1,0.9128
434,1,0.9128
435,1,0.9128
436,1,0.9128
437,1,0.9128
438,1,0.9128
439,1,0.9128
440,1,0.9128
441,1,0.8919
442,1,0.8919
443,1,0.8919
444,1,0.8919
445,1,0.8438
446,1,0.8919
447,1,0.8919
448,1,0.8919
449,1,0.8919
450,1,0.8919
451,1,0.8919
452,1,0.8919
453,1,0.8919
454,1,0.8438
455,1,0.8919
456,1,0.8969
457,1,0.9599
458,1,0.9599
459,1,0.9599
460,1,0.9599
461,1,0.9599
462,1,0.9599
463,1,0.8969
464,1,0.9599
465,1,0.9599
466,1,0.9599
467,1,0.9599
468,1,0.9599
469,1,0.9599
470,1,0.9599
471,1,0.9599
472,1,0.9599
473,1,0.9599
474,1,0.9599
475,1,0.8969
476,1,0.9599
477,1,0.9599
478,1,0.9599
479,1,0.9599
480,1,0.9599
481,1,0.9599
482,1,0.9599
483,1,0.9599
484,1,0.9599
485,1,0.9599
486,1,0.9599
487,1,0.9599
488,1,0.9599
489,1,0.8969
490,1,0.9599
491,1,0.9599
492,1,0.9599
493,1,0.9599
494,1,0.9599
495,1,0.9599
496,1,0.8969
497,1,0.9599
498,1,0.9599
499,1,0.9599
500,1,0.9599
501,1,0.9599
502,1,0.9599
503,1,0.8969
504,1,0.9599
505,1,0.8969
506,1,0.9599
507,1,0.8969
508,1,0.9599
509,1,0.9599
510,1,0.8969
511,1,0.8969
512,1,0.9599
513,1,0.9599
514,1,0.9599
515,1,0.9599
516,1,0.9599
517,1,0.9599
518,1,0.9599
519,1,0.9599
520,1,0.8969
521,1,0.9599
522,1,0.9599
523,1,0.9599
524,1,0.9599
525,1,0.9599
526,1,0.9599
527,1,0.8969
528,1,0.9599
529,1,0.9599
530,1,0.9599
531,1,0.9599
532,1,0.9599
533,1,0.9599
534,1,0.8969
535,1,0.9599
536,1,0.9599
537,1,0.9599
538,1,0.9599
539,1,0.9599
540,1,0.9599
541,1,0.8969
542,1,0.9599
543,1,0.9599
544,1,0.9599
545,1,0.9599
546,1,0.9599
547,1,0.9599
548,1,0.8969
549,1,0.9599
550,1,0.9599
551,1,0.9599
552,1,0.9599
553,1,0.9599
554,1,0.9599
555,1,0.8969
556,1,0.9599
557,1,0.9599
558,1,0.9599
559,1,0.9599
560,1,0.9599
561,1,0.9599
562,1,0.8969
563,1,0.9599
564,1,0.9599
565,1,0.9599
566,1,0.9599
567,1,0.9599
568,1,0.9599
569,1,0.9599
570,1,0.9599
571,1,0.9599
572,1,0.9599
573,1,0.9599
574,1,0.9599
575,1,0.9599
576,1,0.9599
577,1,0.9599
578,1,0.9599
579,1,0.9599
580,1,0.9599
581,1,0.9599
582,1,0.9599
583,1,0.9599
584,1,0.9599
585,1,0.9599
586,1,0.9599
587,1,0.9599
588,1,0.9599
589,1,0.9599
590,1,0.9599
591,1,0.9599
592,1,0.9599
593,1,0.8969
594,1,0.9599
595,1,0.9599
596,1,0.9599
597,1,0.8969
598,1,0.9599
599,1,0.9599
600,1,0.9599
601,1,0.9599
602,1,0.9599
603,1,0.9599
604,1,0.9599
605,1,0.9599
606,1,0.9599
607,1,0.9599
608,1,0.9599
609,1,0.9599
610,1,0.9599
611,1,0.9599
612,1,0.9599
613,1,0.9599
614,1,0.9599
615,1,0.8969
616,1,0.9599
617,1,0.9599
618,1,0.9599
619,1,0.8969
620,1,0.9599
621,1,0.9599
622,1,0.9599
623,1,0.9599
624,1,0.9599
625,1,0.9599
626,1,0.8969
627,1,0.9599
628,1,0.9599
629,1,0.9599
630,1,0.9599
631,1,0.9599
632,1,0.8969
633,1,0.9599
634,1,0.9599
635,1,0.9599
636,1,0.9599
637,1,0.9599
638,1,0.9599
639,1,0.8919
640,1,0.8438
641,1,0.8438
642,1,0.8438
643,1,0.8438
644,1,0.8438
645,1,0.8438
646,1,0.8919
647,1,0.8438
648,1,0.8438
649,1,0.8438
650,1,0.8438
651,1,0.8438
652,1,0.8438
653,1,0.8438
654,1,0.8438
655,1,0.8438
656,1,0.8438
657,1,0.8438
658,1,0.8919
659,1,0.8438
660,1,0.8438
661,1,0.8438
662,1,0.8438
663,1,0.8438
664,1,0.8438
665,1,0.8438
666,1,0.8438
667,1,0.8438
668,1,0.8438
669,1,0.8438
670,1,0.8919
671,1,0.8438
672,1,0.8438
673,1,0.8919
674,1,0.8438
675,1,0.8438
676,1,0.8919
677,1,0.8438
678,1,0.8438
679,1,0.8919
680,1,0.8438
681,1,0.8438
682,1,0.8969
683,1,0.9599
684,1,0.9599
685,1,0.9599
686,1,0.9599
687,1,0.8969
688,1,0.9599
689,1,0.9599
690,1,0.9599
691,1,0.9599
692,1,0.9599
693,1,0.9599
694,1,0.8969
695,1,0.9599
696,1,0.9599
697,1,0.9599
698,1,0.9599
699,1,0.8969
700,1,0.9599
701,1,0.9599
702,1,0.8969
703,1,0.9599
704,1,0.9599
705,1,0.8969
706,1,0.9599
707,1,0.9599
708,1,0.8969
709,1,0.9599
710,1,0.9599
711,1,0.8969
712,1,0.9366
713,1,0.9248
714,1,0.977
715,1,1
716,1,1
717,1,0.945
718,1,0.8277
719,1,0.9147
720,1,1
721,1,1
722,1,1
723,1,1
724,1,0.6436
725,1,0.9309
726,1,0.881
727,1,1
728,1,1
729,1,1
730,1,1
731,1,1
732,1,1
733,1,1
734,1,0.9129
735,1,1
736,1,1
737,1,0.6986
738,1,0.6986
739,1,0
740,1,1
741,1,1
742,1,1
743,1,0.8478
744,1,0.6986
745,1,0.6986
746,1,0.6986
747,1,0.6986
748,1,0.6986
749,1,0.6986
750,1,0.4385
751,1,0.5446
752,1,0.3874
753,1,0.6986
754,1,1
755,1,1
756,1,1
757,1,1
758,1,1
759,1,0.08
760,1,0.08
761,1,0.6986
762,1,0.6986
763,1,0.6986
764,1,0.6986
765,1,0.6986
766,1,0.6986
767,1,1
768,1,1
769,1,1
770,1,1
771,1,1
772,1,1
773,1,1
774,1,1
775,1,1
776,1,1
777,1,1
778,1,1
779,1,1
780,1,1
781,1,1
782,1,1
783,1,1
784,1,1
785,1,1
786,1,1
787,1,0.6151
788,1,1
789,1,1
790,1,0.9444
791,1,1
792,1,1
793,1,1
794,1,0.986
795,1,0.885
796,1,1
797,1,0.885
798,1,1
799,1,0.885
800,1,1
801,1,0.885
802,1,1
803,1,0.9091
804,1,1
805,1,1
806,1,1
807,1,1
808,1,0.85
809,1,0.9259
810,1,0.9501
811,1,1
812,1,1
813,1,1
814,1,0.8521
815,1,0.9231
816,1,1
817,1,1
818,1,1
819,1,1
820,1,1
821,1,1
822,1,1
823,1,1
824,1,0.9129
825,1,1
826,1,1
827,1,0.75
828,1,0.75
829,1,0.75
830,1,0.86
831,1,0.92
832,1,1
833,1,0.8681
834,1,0.9385
835,1,0.8791
836,1,1
837,1,1
838,1,1
839,1,1
840,1,1
841,1,1
842,1,1
843,1,0.9129
844,1,1
845,1,1
846,1,0.6986
847,1,0.6986
848,1,0.6986
849,1,1
850,1,1
851,1,1
852,1,0.8779
853,1,1
854,1,1
855,1,1
856,1,0.6986
857,1,1
858,1,1
859,1,1
860,1,0.9244
861,1,0.9147
862,1,0.9251
863,1,1
864,1,1
865,1,0.9129
866,1,1
867,1,0.6986
868,1,0.012
869,1,1
870,1,1
871,1,1
872,1,1
873,1,1
874,1,1
875,1,1
876,1,1
877,1,1
878,1,1
879,1,1
880,1,1
881,1,1
882,1,1
883,1,1
884,1,1
885,1,1
886,1,1
887,1,1
888,1,1
889,1,1
890,1,1
891,1,1
892,1,1
893,1,1
894,1,1
895,1,1
896,1,1
897,1,0.1044
898,1,1
899,1,1
900,1,1
901,1,1
902,1,1
903,1,1
904,1,1
905,1,1
906,1,1
907,1,1
908,1,1
909,1,1
910,1,1
911,1,1
912,1,1
913,1,1
914,1,1
915,1,1
916,1,0.986
917,1,0.986
918,1,0.986
919,1,0.986
920,1,0.986
921,1,0.986
922,1,0.986
923,1,0.986
924,1,0.986
925,1,0.986
926,1,0.986
927,1,0.986
928,1,0.986
929,1,0.986
930,1,0.986
931,1,0.9599
932,1,0.9599
933,1,0.9599
934,1,0.9599
935,1,1
936,1,0.9573
937,1,0.6986
938,1,1
939,1,1
940,1,1
941,1,1
942,1,1
943,1,1
944,1,1
945,1,1
946,1,1
947,1,1
948,1,1
949,1,1
950,1,1
951,1,1
952,1,1
953,1,1
954,1,1
955,1,1
956,1,1
957,1,1
958,1,1
959,1,1
960,1,1
961,1,1
962,1,1
963,1,1
964,1,1
965,1,1
966,1,1
967,1,1
968,1,0.4223
969,1,0.9599
970,1,0.9599
971,1,1
972,1,1
973,1,0.9317
974,1,0.9275
975,1,0.9147
976,1,1
977,1,1
978,1,1
979,1,1
980,1,0.6986
981,1,0.7126
982,1,0.9365
983,1,0.8277
984,1,1
985,1,1
986,1,1
987,1,1
988,1,0
989,1,1
990,1,0.9683
991,1,1
992,1,0.6986
993,1,0.9356
994,1,0.9252
995,1,0.9147
996,1,1
997,1,1
998,1,1
999,1,1
1000,1,0.6986
1001,1,0.6606
1002,1,0.9366
1003,1,0.8277
1004,1,1
1005,1,1
1006,1,1
1007,1,1
1008,1,0.6986
1009,1,1
1010,1,0.87
1011,1,0.87
1012,1,0.87
1013,1,0.9634
1014,1,0.87
1015,1,0.87
1016,1,0.87
1017,1,0.9634
1018,1,0.9634
1019,1,0.87
1020,1,0.87
1021,1,0.87
1022,1,0.87
1023,1,0.87
1024,1,0.9634
1025,1,0.9634
1026,1,0.87
1027,1,0.87
1028,1,0.87
1029,1,0.9634
1030,1,0.87
1031,1,0.87
1032,1,0.87
1033,1,0.9634
1034,1,0.9634
1035,1,0.87
1036,1,0.9634
1037,1,0.9634
1038,1,0.9634
1039,1,0.87
1040,1,0.9634
1041,1,0.9634
1042,1,0.87
1043,1,1
1044,1,1
1045,1,1
1046,1,1
1047,1,1
1048,1,1
1049,1,1
1050,1,1
1051,1,1
1052,1,1
1053,1,1
1054,1,1
1055,1,1
1056,1,1
1057,1,1
1058,1,1
1059,1,1
1060,1,1
1061,1,1
1062,1,1
1063,1,1
1064,1,1
1065,1,1
1066,1,1
1067,1,1
1068,1,1
1069,1,1
1070,1,1
1071,1,1
1072,1,1
1073,1,1
1074,1,1
1075,1,1
1076,1,0.9652
1077,1,0.9652
1078,1,0.9652
1079,1,0.9652
1080,1,0.9652
1081,1,0.9652
1082,1,0.9652
1083,1,0.9652
1084,1,0.9652
1085,1,0.9652
1086,1,0.9652
1087,1,0.9652
1088,1,0.9652
1089,1,0.9652
1090,1,0.9652
1091,1,0.9652
1092,1,0.9652
1093,1,0.9652
1094,1,0.9652
1095,1,0.9652
1096,1,0.9652
1097,1,0.9652
1098,1,0.9652
1099,1,0.9652
1100,1,0.9652
1101,1,0.9652
1102,1,0.9652
1103,1,0.9652
1104,1,0.9652
1105,1,0.9652
1106,1,0.9652
1107,1,0.9652
1108,1,0.9652
1109,1,1
1110,1,0.9599
1111,1,0.9599
1112,1,0.9599
1113,1,1
1114,1,1
1115,1,0.8919
1116,1,0.8919
1117,1,0.8919
1118,1,0.8919
1119,1,0.8919
1120,1,0.8919
1121,1,0.8919
1122,1,0.8919
1123,1,0.8919
1124,1,0.8919
1125,1,0.8919
1126,1,0.8919
1127,1,0.8919
1128,1,0.8919
1129,1,0.8919
1130,1,0.8919
1131,1,0.8919
1132,1,0.8919
1133,1,1
1134,1,1
1135,1,1
1136,1,1
1137,1,1
1138,1,1
1139,1,1
1140,1,1
1141,1,1
1142,1,1
1143,1,1
1144,1,1
1145,1,1
1146,1,1
1147,1,1
1148,1,1
1149,1,1
1150,1,0.8277
1151,1,0.8277
1152,1,1
1153,1,0.8277
1154,1,0.8277
1155,1,1
1156,1,0.8277
1157,1,0.0089
1158,1,0.0089
1159,1,1
1160,1,0
1161,1,0
1162,1,1
1163,1,1
1164,1,1
1165,1,1
1166,1,1
1167,1,0
1168,1,1
1169,1,1
1170,1,0.8619
1171,1,0.9286
1172,1,0.878
1173,1,1
1174,1,1
1175,1,1
1176,1,0
1177,1,1
1178,1,1
1179,1,0
1180,1,1
1181,1,0
1182,1,0
1183,1,1
1184,1,1
1185,1,1
1186,1,0.8784
1187,1,1
1188,1,1
1189,1,1
1190,1,1
1191,1,1
1192,1,1
1193,1,1
1194,1,0.9447
1195,1,0.9447
1196,1,0.9447
1197,1,1
1198,1,1
1199,1,1
1200,1,1
1201,1,1
1202,1,1
1203,1,1
1204,1,1
1205,1,1
1206,1,1
1207,1,1
1208,1,1
1209,1,1
1210,1,1
1211,1,1
1212,1,1
1213,1,1
1214,1,1
1215,1,1
1216,1,1
1217,1,1
1218,1,1
1219,1,1
1220,1,1
1221,1,1
1222,1,1
1223,1,1
1224,1,1
1225,1,1
1226,1,1
1227,1,1
1228,1,1
1229,1,1
1230,1,1
1231,1,1
1232,1,1
1233,1,1
1234,1,1
1235,1,1
1236,1,1
1237,1,1
1238,1,1
1239,1,1
1240,1,1
1241,1,0.8874
1242,1,0
1243,1,0.0115
1244,1,0
1245,1,0.6
1246,1,1
1247,1,1
1248,1,1
1249,1,1
1250,1,1
1251,1,1
1252,1,1
1253,1,1
1254,1,1
1255,1,1
1256,1,1
1257,1,1
1258,1,1
1259,1,1
1260,1,1
1261,1,1
1262,1,1
1263,1,1
1264,1,1
1265,1,1
1266,1,1
1267,1,1
1268,1,1
1269,1,1
1270,1,1
1271,1,1
1272,1,1
1273,1,1
1274,1,1
1275,1,0.87
1276,1,0.9634
1277,1,0.87
1278,1,0.9634
1279,1,1
1280,1,1
1281,1,1
1282,1,1
1283,1,0.9652
1284,1,0.9652
1285,1,0.9652
1286,1,0.9652
1287,1,0.904
1288,1,0.991
1289,1,0.985
1290,1,0.991
1291,1,0.904
1292,1,0.985
1293,1,0.985
1294,1,0.985
1295,1,0.931
1296,1,0.9251
1297,1,1
1298,1,1
1299,1,1
1300,1,1
1301,1,1
1302,1,1
1303,1,0.6481
1304,1,0.9366
1305,1,1
1306,1,1
1307,1,1
1308,1,1
1309,1,1
1310,1,1
1311,1,1
1312,1,1
1313,1,1
1314,1,1
1315,1,1
1316,1,0
1317,1,0.942
1318,1,0.9111
1319,1,1
1320,1,0.942
1321,1,0.9368
1322,1,1
1323,1,1
1324,1,0.9211
1325,1,0.942
1326,1,0.8966
1327,1,1
1328,1,1
1329,1,0
1330,1,0
1331,1,1
1332,1,1
1333,1,0.8672
1334,1,1
1335,1,0.9355
1336,1,1
1337,1,1
1338,1,1
1339,1,1
1340,1,1
1341,1,1
1342,1,0.879
1343,1,1
1344,1,1
1345,1,1
1346,1,1
1347,1,0.9256
1348,1,0
1349,1,0.9
1350,1,0.9371
1351,1,1
1352,1,0.8507
1353,1,0.9286
1354,1,1
1355,1,0.9273
1356,1,1
1357,1,1
1358,1,1
1359,1,1
1360,1,1
1361,1,1
1362,1,0.8889
1363,1,1
1364,1,0.9394
1365,1,1
1366,1,1
1367,1,1
1368,1,1
1369,1,1
1370,1,1
1371,1,0.8737
1372,1,0.9167
1373,1,0.8333
1374,1,1
1375,1,1
1376,1,1
1377,1,1
1378,1,1
1379,1,1
1380,1,0.9063
1381,1,1
1382,1,0
1383,1,1
1384,1,1
1385,1,1
1386,1,1
1387,1,1
1388,1,0.8762
1389,1,1
1390,1,1
1391,1,0.94
1392,1,1
1393,1,0
1394,1,1
1395,1,1
1396,1,1
1397,1,1
1398,1,1
1399,1,0.9357
1400,1,0.9
1401,1,1
1402,1,1
1403,1,1
1404,1,1
1405,1,1
1406,1,1
1407,1,0.939
1408,1,1
1409,1,0
1410,1,0
1411,1,0
1412,1,1
1413,1,1
1414,1,1
1415,1,0.8193
1416,1,1
1417,1,0
1418,1,1
1419,1,1
1420,1,1
1421,1,1
1422,1,1
1423,1,0.8571
1424,1,1
1425,1,1
1426,1,0.9002
1427,1,0.9383
1428,1,1
1429,1,1
1430,1,1
1431,1,1
1432,1,1
1433,1,1
1434,1,1
1435,1,0.6986
1436,1,1
1437,1,1
1438,1,0.8837
1439,1,1
1440,1,0.6382
1441,1,0.6984
1442,1,0.6742
1443,1,0.6939
1444,1,0.6507
1445,1,0.6661
1446,1,0.7892
1447,1,0.8818
1448,1,0.9341
1449,1,0.9231
1450,1,0.701
1451,1,0.6797
1452,1,0.5976
1453,1,0.604
1454,1,0.6797
1455,1,0.9737
1456,1,0.9608
1457,1,0.5652
1458,1,0.8464
1459,1,1
1460,1,0.8897
1461,1,0.8328
1462,1,0.8656
1463,1,1
1464,1,0.7823
1465,1,0.6368
1466,1,1
1467,1,1
1468,1,1
1469,1,0.9984
1470,1,1
1471,1,0.9654
1472,1,0.9726
1473,1,0.3874
1474,1,0.9969
1475,1,0.5634
1476,1,0.9118
1477,1,1
1478,1,1
1479,1,0.4545
1480,1,0.782
1481,1,0.97
1482,1,0.8298
1483,1,0.9775
1484,1,0.7946
1485,1,0.3926
1486,1,0.9302
1487,1,1
1488,1,1
1489,1,0.5939
1490,1,0.4209
1491,1,0.7853
1492,1,0.2409
1493,1,0.8542
1494,1,1
1495,1,1
1496,1,1
1497,1,1
1498,1,1
1499,1,1
1500,1,1
1501,1,1
1502,1,0.9956
1503,1,0.9431
1504,1,0.9989
1505,1,1
1506,1,0.994
1507,1,1
1508,1,1
1509,1,1
1510,1,1
1511,1,1
1512,1,1
1513,1,0.9211
1514,1,0.9909
1515,1,0.9754
1516,1,0.9972
1517,1,1
1518,1,0.992
1519,1,0.9898
1520,1,0.9336
1521,1,1
1522,1,0.9996
1523,1,0.9883
1524,1,1
1525,1,1
1526,1,1
1527,1,1
1528,1,1
1529,1,1
1530,1,1
1531,1,1
1532,1,1
1533,1,1
1534,1,1
1535,1,1
1536,1,1
1537,1,0.9772
1538,1,1
1539,1,0.9849
1540,1,0.9815
1541,1,0.9554
1542,1,0.9897
1543,1,0.9788
1544,1,0.467
1545,1,0.9988
1546,1,1
1547,1,1
1548,1,1
1549,1,1
1550,1,1
1551,1,0.5537
1552,1,0.0584
1553,1,1
1554,1,0.8441
1555,1,1
1556,1,0.6801
1557,1,0.9985
1558,1,1
1559,1,0.9775
1560,1,0.8994
1561,1,0.7235
1562,1,0.9281
1563,1,1
1564,1,1
1565,1,0.2735
1566,1,0.9986
1567,1,0.9963
1568,1,0.9957
1569,1,1
1570,1,1
1571,1,1
1572,1,1
1573,1,1
1574,1,0.9051
1575,1,0.6388
1576,1,0.262
1577,1,1
1578,1,0.8785
1579,1,0.6986
1580,1,0.5698
1581,1,1
1582,1,1
1583,1,1
1584,1,1
1585,1,1
1586,1,1
1587,1,1
1588,1,1
1589,1,1
1590,1,0.4223
1591,1,0.3965
1592,1,1
1593,1,1
1594,1,1
1595,1,0.0914
1596,1,1
1597,1,1
1598,1,1
1599,1,1
1600,1,1
1601,1,1
1602,1,1
1603,1,0.9676
1604,1,0.9684
1605,1,0.9679
1606,1,0.9673
1607,1,0.9663
1608,1,0.9375
1609,1,0.9474
1610,1,0.9457
1611,1,1
1612,1,0.9474
1613,1,0.9652
1614,1,0.9652
1615,1,0.9652
1616,1,0.9652
1617,1,0.9652
1618,1,0.733
1619,1,0.08
1620,1,0.08
1621,1,0.08
1622,1,0.08
1623,1,0.08
1624,1,0.08
1625,1,0.08
1626,1,0.08
1627,1,0.08
1628,1,0.87
1629,1,0.87
1630,1,0.87
1631,1,0.87
1632,1,0.87
1633,1,0.87
1634,1,1
1635,1,1
1636,1,1
1637,1,1
1638,1,1
1639,1,1
1640,1,0.9652
1641,1,0.9652
1642,1,0.9652
1643,1,0.9652
1644,1,0.9652
1645,1,0.9652
1646,1,0.84
1647,1,0.9213
1648,1,0.9214
1649,1,1
1650,1,1
1651,1,0.8571
1652,1,0.9167
1653,1,1
1654,1,0.8817
1655,1,0.8889
1656,1,1
1657,1,0.9175
1658,1,1
1659,1,1
1660,1,1
1661,1,0.8776
1662,1,0.9231
1663,1,1
1664,1,1
1665,1,1
1666,1,0.8824
1667,1,0.0889
1668,1,0.9224
1669,1,0.925
1670,1,1
1671,1,1
1672,1,0.8796
1673,1,0.0769
1674,1,0.6667
1675,1,1
1676,1,0.922
1677,1,0.9216
1678,1,1
1679,1,1
1680,1,1
1681,1,0.9573
1682,1,1
1683,1,0.89
1684,1,0.89
1685,1,0.92
1686,1,0.0176
1687,1,0.0205
1688,1,1
1689,1,1
1690,1,0.9663
1691,1,0.869
1692,1,0.997
1693,1,1
1694,1,0.5
1695,1,0.943
1696,1,0.97
1697,1,0.98
1698,1,0.967
1699,1,0.352
1700,1,0.892
1701,1,0.978
1702,1,0.95
1703,1,0.528
1704,1,0.255
1705,1,0.282
1706,1,0.751
1707,1,0.548
1708,1,0.903
1709,1,1
1710,1,1
1711,1,1
1712,1,1
1713,1,1
1714,1,1
1715,1,1
1716,1,1
1717,1,1
1718,1,1
1719,1,1
1720,1,1
1721,1,1
1722,1,1
1723,1,1
1724,1,0.9343
1725,1,0.9565
1726,1,0.8333
1727,1,0.6667
1728,1,0.8778
1729,1,1
1730,1,0.942
1731,1,0.8758
1732,1,1
1733,1,1
1734,1,1
1735,1,1
1736,1,1
1737,1,1
1738,1,1
1739,1,1
1740,1,1
1741,1,1
1742,1,1
1743,1,1
1744,1,1
1745,1,1
1746,1,1
1747,1,0.048
1748,1,0.048
1749,1,0.4223
1750,1,1
1751,1,0
1752,1,0
1753,1,0
1754,1,0
1755,1,0
1756,1,0
1757,1,0
1758,1,0
1759,1,1
1760,1,1
1761,1,1
1762,1,1
1763,1,1
1764,1,1
1765,1,1
1766,1,1
1767,1,1
1768,1,1
1769,1,1
1770,1,1
1771,1,1
1772,1,1
1773,1,1
1774,1,1
1775,1,1
1776,1,1
1777,1,1
1778,1,1
1779,1,1
1780,1,1
1781,1,1
1782,1,1
1783,1,1
1784,1,1
1785,1,1
1786,1,1
1787,1,0.9
1788,1,0.9
1789,1,0.9
1790,1,0.9
1791,1,0.9
1792,1,0.9
1793,1,0.9
1794,1,0.9
1795,1,0.9
1796,1,0.9
1797,1,0.9
1798,1,0.9
1799,1,0.9
1800,1,0.9
1801,1,0.9
1802,1,0.9
1803,1,0.9
1804,1,0.9
1805,1,0.9
1806,1,0.9
1807,1,0.9
1808,1,0.9
1809,1,0.9
1810,1,0.9
1811,1,0.9
1812,1,0.9
1813,1,0.9
1814,1,0.9
1815,1,0.9
1816,1,0.9
1817,1,0.9
1818,1,0.9
1819,1,0.9
1820,1,0.9
1821,1,0.9
1822,1,0.9
1823,1,0.9
1824,1,0.9
1825,1,0.9
1826,1,0.9
1827,1,0.9
1828,1,0.9
1829,1,0.9
1830,1,0.9
1831,1,0.9
1832,1,0.9
1833,1,0.9
1834,1,0.9
1835,1,0.9
1836,1,0.9
1837,1,0.9
1838,1,0.9
1839,1,0.9
1840,1,0.9
1841,1,0.9
1842,1,0.9
1843,1,0.9
1844,1,0.9
1845,1,0.9
1846,1,0.9
1847,1,0.9
1848,1,0.9
1849,1,0.9
1850,1,0.9
1851,1,0.9
1852,1,0.9
1853,1,0.9
1854,1,0.9
1855,1,0.9
1856,1,0.9
1857,1,0.9
1858,1,0.9
1859,1,0.9
1860,1,0.9
1861,1,0.9
1862,1,0.9
1863,1,0.9
1864,1,0.9
1865,1,0.9
1866,1,0.9
1867,1,0.9
1868,1,0.9
1869,1,0.9
1870,1,0.9
1871,1,0.9
1872,1,0.9
1873,1,0.9
1874,1,0.9
1875,1,0.9
1876,1,0.9
1877,1,0.9
1878,1,0.9
1879,1,0.9
1880,1,0.9
1881,1,0.9
1882,1,0.9
1883,1,0.9
1884,1,0.9
1885,1,0.9
1886,1,0.9
1887,1,0.9
1888,1,0.9
1889,1,1
1890,1,0.91
1891,1,0
1892,1,1
1893,1,1
1894,1,1
1895,1,1
1896,1,1
1897,1,1
1898,1,1
1899,1,1
1900,1,1
1901,1,1
1902,1,1
1903,1,1
1904,1,1
1905,1,1
1906,1,1
1907,1,0.6986
1908,1,0.6986
1909,1,0.6986
1910,1,0.8745
1911,1,0
1912,1,0
1913,1,1
1914,1,0.9879
1915,1,0.8
1916,1,0.9879
1917,1,0.8
1918,1,0.9879
1919,1,0.8
1920,1,0.9879
1921,1,0.8
1922,1,0.9879
1923,1,0.8
1924,1,0.9879
1925,1,0.65
1926,1,0.9879
1927,1,0.6577
1928,1,0.9631
1929,1,0.8
1930,1,0.9879
1931,1,0.8
1932,1,0.9879
1933,1,0.8
1934,1,0.8874
1935,1,0.6
1936,1,0.8689
1937,1,1
1938,1,1
1939,1,1
1940,1,1
1941,1,1
1942,1,1
1943,1,1
1944,1,1
1945,1,1
1946,1,1
1947,1,1
1948,1,1
1949,1,1
1950,1,1
1951,1,1
1952,1,1
1953,1,1
1954,1,1
1955,1,1
1956,1,1
1957,1,1
1958,1,1
1959,1,1
1960,1,1
1961,1,1
1962,1,1
1963,1,1
1964,1,1
1965,1,1
1966,1,1
1967,1,1
1968,1,1
1969,1,1
1970,1,1
1971,1,1
1972,1,1
1973,1,1
1974,1,1
1975,1,1
1976,1,1
1977,1,1
1978,1,1
1979,1,1
1980,1,1
1981,1,1
1982,1,1
1983,1,1
1984,1,1
1985,1,1
1986,1,1
1987,1,1
1988,1,1
1989,1,1
1990,1,1
1991,1,1
1992,1,1
1993,1,1
1994,1,1
1995,1,0.9
1996,1,0.9
1997,1,0.9
1998,1,0.9
1999,1,0.9
2000,1,0.9
2001,1,0.9
2002,1,0.9
2003,1,0.9
2004,1,0.9
2005,1,0.9
2006,1,0.9
2007,1,0.9
2008,1,0.9
2009,1,0.9
2010,1,0.9
2011,1,0.9
2012,1,0.9
2013,1,0.9
2014,1,0.9
2015,1,0.9
2016,1,0.9
2017,1,0.9
2018,1,0.9
2019,1,0.9
2020,1,0.9
2021,1,0.9
2022,1,0.9
2023,1,0.9
2024,1,0.9
2025,1,0.9
2026,1,0.9
2027,1,0.9
2028,1,0.9
2029,1,0.9
2030,1,0.9
2031,1,0.9
2032,1,0.9
2033,1,0.9
2034,1,0.9
2035,1,1
2036,1,1
2037,1,1
2038,1,1
2039,1,1
2040,1,1
2041,1,1
2042,1,1
2043,1,1
2044,1,1
2045,1,1
2046,1,1
2047,1,1
2048,1,1
2049,1,1
2050,1,1
2051,1,1
2052,1,1
2053,1,1
2054,1,1
2055,1,1
2056,1,1
2057,1,1
2058,1,1
2059,1,1
2060,1,1
2061,1,1
2062,1,1
2063,1,1
2064,1,1
2065,1,1
2066,1,1
2067,1,1
2068,1,1
2069,1,1
2070,1,1
2071,1,1
2072,1,1
2073,1,1
2074,1,1
2075,1,1
2076,1,1
2077,1,1
2078,1,1
2079,1,1
2080,1,1
2081,1,1
2082,1,1
2083,1,1
2084,1,1
2085,1,1
2086,1,1
2087,1,1
2088,1,1
2089,1,1
2090,1,1
2091,1,1
2092,1,1
2093,1,1
2094,1,1
2095,1,1
2096,1,1
2097,1,1
2098,1,1
2099,1,1
2100,1,1
2101,1,1
2102,1,1
2103,1,1
2104,1,1
2105,1,1
2106,1,1
2107,1,1
2108,1,1
2109,1,1
2110,1,1
2111,1,1
2112,1,1
2113,1,1
2114,1,1
2115,1,1
2116,1,1
2117,1,1
2118,1,1
2119,1,1
2120,1,1
2121,1,1
2122,1,1
2123,1,1
2124,1,1
2125,1,1
2126,1,1
2127,1,1
2128,1,1
2129,1,1
2130,1,1
2131,1,1
2132,1,1
2133,1,1
2134,1,1
2135,1,1
2136,1,1
2137,1,1
2138,1,1
2139,1,1
2140,1,1
2141,1,1
2142,1,1
2143,1,1
2144,1,1
2145,1,1
2146,1,1
2147,1,1
2148,1,1
2149,1,1
2150,1,1
2151,1,1
2152,1,1
2153,1,1
2154,1,1
2155,1,1
2156,1,1
2157,1,1
2158,1,1
2159,1,1
2160,1,1
2161,1,1
2162,1,1
2163,1,1
2164,1,1
2165,1,1
2166,1,1
2167,1,1
2168,1,1
2169,1,1
2170,1,1
2171,1,1
2172,1,1
2173,1,1
2174,1,1
2175,1,1
2176,1,1
2177,1,1
2178,1,1
2179,1,1
2180,1,1
2181,1,1
2182,1,1
2183,1,1
2184,1,1
2185,1,1
2186,1,1
2187,1,1
2188,1,1
2189,1,1
2190,1,1
2191,1,1
2192,1,1
2193,1,1
2194,1,1
2195,1,1
2196,1,1
2197,1,1
2198,1,1
2199,1,1
2200,1,1
2201,1,1
2202,1,1
2203,1,1
2204,1,1
2205,1,1
2206,1,1
2207,1,1
2208,1,1
2209,1,1
2210,1,1
2211,1,1
2212,1,1
2213,1,1
2214,1,1
2215,1,1
2216,1,1
2217,1,1
2218,1,1
2219,1,1
2220,1,1
2221,1,0.6986
2222,1,0.6986
2223,1,0.6986
2224,1,1
2225,1,1
2226,1,1
2227,1,1
2228,1,1
2229,1,1
2230,1,1
2231,1,1
2232,1,1
2233,1,1
2234,1,1
2235,1,1
2236,1,1
2237,1,1
2238,1,1
2239,1,1
2240,1,1
2241,1,1
2242,1,1
2243,1,1
2244,1,1
2245,1,1
2246,1,1
2247,1,1
2248,1,1
2249,1,1
2250,1,1
2251,1,1
2252,1,1
2253,1,1
2254,1,1
2255,1,1
2256,1,1
2257,1,1
2258,1,1
2259,1,1
2260,1,1
2261,1,1
2262,1,1
2263,1,1
2264,1,1
2265,1,1
2266,1,1
2267,1,1
2268,1,1
2269,1,1
2270,1,1
2271,1,1
2272,1,1
2273,1,1
2274,1,1
2275,1,1
2276,1,1
2277,1,1
2278,1,1
2279,1,1
2280,1,1
2281,1,1
2282,1,1
2283,1,1
2284,1,1
2285,1,1
2286,1,1
2287,1,1
2288,1,1
2289,1,1
2290,1,1
2291,1,1
2292,1,1
2293,1,1
2294,1,1
2295,1,1
2296,1,1
2297,1,1
2298,1,1
2299,1,1
2300,1,1
2301,1,1
2302,1,1
2303,1,1
2304,1,1
2305,1,1
2306,1,1
2307,1,1
2308,1,1
2309,1,1
2310,1,1
2311,1,1
2312,1,1
2313,1,1
2314,1,1
2315,1,1
2316,1,1
2317,1,1
2318,1,1
2319,1,1
2320,1,1
2321,1,1
2322,1,1
2323,1,1
2324,1,1
2325,1,1
2326,1,1
2327,1,1
2328,1,1
2329,1,1
2330,1,1
2331,1,1
2332,1,1
2333,1,1
2334,1,1
2335,1,1
2336,1,1
2337,1,1
2338,1,1
2339,1,1
2340,1,1
2341,1,1
2342,1,1
2343,1,1
2344,1,1
2345,1,1
2346,1,1
2347,1,1
2348,1,1
2349,1,1
2350,1,1
2351,1,1
2352,1,1
2353,1,1
2354,1,1
2355,1,1
2356,1,1
2357,1,1
2358,1,1
2359,1,1
2360,1,1
2361,1,1
2362,1,1
2363,1,1
2364,1,1
2365,1,1
2366,1,1
2367,1,1
2368,1,1
2369,1,1
2370,1,1
2371,1,1
2372,1,1
2373,1,1
2374,1,1
2375,1,1
2376,1,1
2377,1,1
2378,1,1
2379,1,1
2380,1,1
2381,1,1
2382,1,1
2383,1,1
2384,1,1
2385,1,1
2386,1,1
2387,1,1
2388,1,1
2389,1,1
2390,1,1
2391,1,1
2392,1,1
2393,1,1
2394,1,1
2395,1,1
2396,1,1
2397,1,1
2398,1,1
2399,1,1
2400,1,1
2401,1,1
2402,1,1
2403,1,1
2404,1,1
2405,1,1
2406,1,1
2407,1,1
2408,1,1
2409,1,1
2410,1,1
2411,1,1
2412,1,1
2413,1,1
2414,1,1
2415,1,1
2416,1,1
2417,1,1
2418,1,1
2419,1,1
2420,1,1
2421,1,1
2422,1,1
2423,1,1
2424,1,1
2425,1,1
2426,1,1
2427,1,1
2428,1,1
2429,1,1
2430,1,1
2431,1,1
2432,1,1
2433,1,1
2434,1,1
2435,1,1
2436,1,1
2437,1,1
2438,1,1
2439,1,1
2440,1,1
2441,1,1
2442,1,1
2443,1,1
2444,1,1
2445,1,1
2446,1,1
2447,1,1
2448,1,1
2449,1,1
2450,1,1
2451,1,1
2452,1,1
2453,1,1
2454,1,1
2455,1,1
2456,1,1
2457,1,1
2458,1,1
2459,1,1
2460,1,1
2461,1,1
2462,1,1
2463,1,1
2464,1,1
2465,1,1
2466,1,1
2467,1,1
2468,1,1
2469,1,1
2470,1,1
2471,1,1
2472,1,1
2473,1,1
2474,1,1
2475,1,1
2476,1,1
2477,1,1
2478,1,1
2479,1,1
2480,1,1
2481,1,1
2482,1,1
2483,1,1
2484,1,1
2485,1,1
2486,1,1
2487,1,1
2488,1,1
2489,1,1
2490,1,1
2491,1,1
2492,1,1
2493,1,1
2494,1,1
2495,1,1
2496,1,1
2497,1,1
2498,1,1
2499,1,1
2500,1,1