cat_id,TSP,PM10,PM2.5
10,1,0.7,0.42
11,1,0.96,0.925
12,1,0.96,0.925
13,1,0.96,0.925
14,1,0.7,0.42
15,1,0.7,0.42
16,1,0.7,0.42
17,1,0.96,0.925
18,1,0.96,0.925
19,1,0.96,0.925
20,1,0.96,0.925
21,1,0.7,0.42
22,1,0.7,0.42
23,1,0.9,0.89
24,1,0.9,0.89
25,1,0.96,0.925
26,1,0.9,0.89
27,1,0.9,0.89
28,1,0.7,0.42
29,1,1,0.7726
30,1,1,0.5
31,1,0.7,0.42
32,1,0.96,0.925
33,1,0.7,0.42
34,1,0.633,0.474
35,1,0.7,0.42
36,1,0.92,0.62
37,1,0.96,0.925
38,1,0.4,0.333
39,1,0.92,0.62
40,1,0.98,0.963
41,1,0.5,0.075
42,1,0.4815,0.048
43,1,0.7,0.42
44,1,0.7,0.42
45,1,0.9,0.89
46,1,0.9,0.89
47,1,0.9,0.89
48,1,0.61,0.555
49,1,0.61,0.555
50,1,0.19,0.13
51,1,1,0.5
52,1,0.4893,0.1017
53,1,0.96,0.925
54,1,0.7,0.42
55,1,0.96,0.925
56,1,0.96,0.925
57,1,0.96,0.925
58,1,0.96,0.925
59,1,1,0.5
60,1,0.96,0.925
61,1,0,0
62,1,0.96,0.925
63,1,0,0
64,1,0,0
65,1,1,0.5
66,1,0,0
67,1,0,0
68,1,0,0
69,1,0,0
70,1,0,0
71,1,0,0
72,1,0,0
73,1,0,0
74,1,0,0
75,1,0,0
76,1,0,0
77,1,0,0
78,1,0,0
79,1,0,0
80,1,0,0
81,1,0,0
82,1,0,0
83,1,0,0
84,1,0.96,0.925
85,1,0.96,0.925
86,1,0.96,0.925
87,1,0.96,0.925
88,1,0.96,0.925
89,1,0.96,0.925
90,1,0.96,0.925
91,1,0.96,0.925
92,1,0.7,0.42
93,1,1,0.5
94,1,0.96,0.925
95,1,0.96,0.925
96,1,0.96,0.925
97,1,0.96,0.925
98,1,1,0.5
99,1,1,0.5
100,1,1,0.5
101,1,1,0.5
102,1,1,0.5
103,1,1,0.5
104,1,1,0.5
105,1,0.96,0.925
106,1,0.96,0.925
107,1,0.96,0.925
108,1,0.96,0.925
109,1,0.96,0.925
110,1,0.96,0.925
111,1,1,0.5
112,1,0.96,0.925
113,1,1,0.5
114,1,1,0.5
115,1,0.96,0.925
116,1,0.96,0.925
117,1,0.96,0.925
118,1,0.68,0.62
119,1,1,0.5
120,1,1,0.5
121,1,1,0.5
122,1,1,0.5
123,1,1,0.5
124,1,1,0.5
125,1,1,0.5
126,1,1,0.5
127,1,1,0.5
128,1,1,0.5
129,1,1,0.5
130,1,1,0.5
131,1,1,0.5
132,1,1,0.5
133,1,1,0.5
134,1,1,0.5
135,1,1,0.5
136,1,1,0.5
137,1,1,0.5
138,1,1,0.5
139,1,1,0.5
140,1,1,0.5
141,1,1,0.5
142,1,1,0.5
143,1,1,0.5
144,1,1,0.5
145,1,1,0.5
146,1,1,0.5
147,1,1,0.5
148,1,1,0.5
149,1,1,0.5
150,1,1,0.5
151,1,1,0.5
152,1,1,0.5
153,1,1,0.5
154,1,1,0.5
155,1,1,0.5
156,1,1,0.5
157,1,1,0.5
158,1,1,0.5
159,1,1,0.5
160,1,1,0.5
161,1,1,0.5
162,1,1,0.5
163,1,1,0.5
164,1,1,0.5
165,1,1,0.5
166,1,1,0.5
167,1,1,0.5
168,1,1,0.5
169,1,1,0.5
170,1,1,0.5
171,1,1,0.5
172,1,1,0.5
173,1,1,0.5
174,1,1,0.5
175,1,1,0.5
176,1,1,0.5
177,1,1,0.5
178,1,1,0.5
179,1,1,0.5
180,1,1,0.5
181,1,1,0.5
182,1,1,0.5
183,1,1,0.5
184,1,1,0.5
185,1,1,0.5
186,1,1,0.5
187,1,1,0.5
188,1,1,0.5
189,1,1,0.5
190,1,1,0.5
191,1,1,0.5
192,1,1,0.5
193,1,1,0.5
194,1,1,0.5
195,1,1,0.5
196,1,1,0.5
197,1,1,0.5
198,1,1,0.5
199,1,1,0.5
200,1,1,0.5
201,1,1,0.5
202,1,1,0.5
203,1,1,0.5
204,1,1,0.5
205,1,1,0.5
206,1,1,0.5
207,1,1,0.5
208,1,1,0.5
209,1,1,0.5
210,1,1,0.5
211,1,1,0.5
212,1,1,0.5
213,1,1,0.5
214,1,1,0.5
215,1,1,0.5
216,1,1,0.5
217,1,1,0.5
218,1,1,0.5
219,1,1,0.5
220,1,1,0.5
221,1,1,0.5
222,1,1,0.5
223,1,1,0.5
224,1,1,0.5
225,1,1,0.5
226,1,1,0.5
227,1,1,0.5
228,1,1,0.5
229,1,1,0.5
230,1,1,0.5
231,1,1,0.5
232,1,1,0.5
233,1,1,0.5
234,1,1,0.5
235,1,1,0.5
236,1,1,0.5
237,1,1,0.5
238,1,1,0.5
239,1,1,0.5
240,1,1,0.5
241,1,1,0.5
242,1,1,0.5
243,1,1,0.5
244,1,1,0.5
245,1,1,0.5
246,1,1,0.5
247,1,1,0.5
248,1,1,0.5
249,1,1,0.5
250,1,1,0.5
251,1,1,0.5
252,1,0.96,0.925
253,1,0.96,0.925
254,1,1,0.5
255,1,1,0.5
256,1,0.96,0.925
257,1,0.96,0.925
258,1,0.96,0.925
259,1,0.96,0.925
260,1,0.96,0.925
261,1,0.96,0.925
262,1,0.96,0.925
263,1,0.96,0.925
264,1,0.96,0.925
265,1,0.96,0.925
266,1,0.96,0.925
267,1,0.96,0.925
268,1,0.96,0.925
269,1,0.96,0.925
270,1,0.96,0.925
271,1,0.96,0.925
272,1,0.96,0.925
273,1,0.96,0.925
274,1,0.96,0.925
275,1,0.96,0.925
276,1,0.96,0.925
277,1,0.96,0.925
278,1,0.96,0.925
279,1,0.96,0.925
280,1,0.96,0.925
281,1,0.96,0.925
282,1,0.96,0.925
283,1,1,1
284,1,1,1
285,1,1,1
286,1,1,1
287,1,0.976,0.967
288,1,0.935,0.9001
289,1,0.935,0.9001
290,1,1,1
291,1,0.994,0.992
292,1,0.994,0.992
293,1,1,1
294,1,0.997,0.927
295,1,1,0.5
296,1,1,0.5
297,1,0.976,0.967
298,1,1,1
299,1,1,1
300,1,0.997,0.927
301,1,0.997,0.927
302,1,0.994,0.992
303,1,1,1
304,1,0.96,0.937
305,1,1,1
306,1,0.976,0.967
307,1,1,1
308,1,1,1
309,1,0.976,0.967
310,1,0.87,0.76
311,1,0.4,0.15
312,1,0.997,0.927
313,1,0.997,0.927
314,1,0.997,0.927
315,1,0.88,0.85
316,1,0.88,0.85
317,1,0.88,0.85
318,1,0.88,0.85
319,1,0.88,0.85
320,1,1,0.5
321,1,1,0.5
322,1,1,0.5
323,1,1,0.5
324,1,1,0.5
325,1,1,0.5
326,1,1,0.5
327,1,1,0.5
328,1,1,0.5
329,1,1,0.5
330,1,1,0.5
331,1,1,0.5
332,1,1,0.5
333,1,1,0.5
334,1,1,0.5
335,1,1,0.5
336,1,1,0.5
337,1,1,0.5
338,1,1,0.5
339,1,1,0.5
340,1,1,0.5
341,1,1,0.5
342,1,1,0.5
343,1,1,0.5
344,1,1,0.5
345,1,1,0.5
346,1,1,0.5
347,1,1,0.5
348,1,1,0.5
349,1,1,0.5
350,1,1,0.5
351,1,1,0.5
352,1,1,0.5
353,1,1,0.5
354,1,1,0.5
355,1,1,0.5
356,1,1,0.5
357,1,1,0.5
358,1,1,0.5
359,1,1,0.5
360,1,1,0.5
361,1,1,0.5
362,1,1,0.5
363,1,1,0.5
364,1,1,0.5
365,1,1,0.5
366,1,1,0.5
367,1,1,0.5
368,1,1,0.5
369,1,1,0.5
370,1,1,0.5
371,1,1,0.5
372,1,1,0.5
373,1,1,0.5
374,1,1,0.5
375,1,1,0.5
376,1,1,0.5
377,1,1,0.5
378,1,1,0.5
379,1,1,0.5
380,1,1,0.5
381,1,1,0.5
382,1,1,0.5
383,1,1,0.5
384,1,1,0.5
385,1,1,0.5
386,1,1,0.5
387,1,1,0.5
388,1,1,0.5
389,1,1,0.5
390,1,1,0.5
391,1,1,0.5
392,1,1,0.5
393,1,1,0.5
394,1,1,0.5
395,1,1,0.5
396,1,1,0.5
397,1,1,0.5
398,1,1,0.5
399,1,1,0.5
400,1,1,0.5
401,1,1,0.5
402,1,1,0.5
403,1,1,0.5
404,1,1,0.5
405,1,1,0.5
406,1,1,0.5
407,1,1,0.5
408,1,1,0.5
409,1,1,0.5
410,1,1,0.5
411,1,1,0.5
412,1,1,0.5
413,1,1,0.5
414,1,1,0.5
415,1,1,0.5
416,1,1,0.5
417,1,1,0.5
418,1,1,0.5
419,1,1,0.5
420,1,1,0.5
421,1,1,0.5
422,1,1,0.5
423,1,1,0.5
424,1,1,0.5
425,1,1,0.5
426,1,1,0.5
427,1,1,0.5
428,1,1,0.5
429,1,1,0.5
430,1,1,0.5
431,1,1,0.5
432,1,1,0.5
433,1,1,0.5
434,1,1,0.5
435,1,1,0.5
436,1,1,0.5
437,1,1,0.5
438,1,1,0.5
439,1,1,0.5
440,1,1,0.5
441,1,0.976,0.967
442,1,0.976,0.967
443,1,0.976,0.967
444,1,0.976,0.967
445,1,1,0.5
446,1,0.976,0.967
447,1,0.976,0.967
448,1,0.976,0.967
449,1,0.976,0.967
450,1,0.976,0.967
451,1,0.976,0.967
452,1,0.976,0.967
453,1,0.976,0.967
454,1,1,0.5
455,1,0.976,0.967
456,1,0.9,0.68
457,1,1,0.5
458,1,1,0.5
459,1,1,0.5
460,1,1,0.5
461,1,1,0.5
462,1,1,0.5
463,1,0.9,0.68
464,1,1,0.5
465,1,1,0.5
466,1,1,0.5
467,1,1,0.5
468,1,1,0.5
469,1,1,0.5
470,1,1,0.5
471,1,1,0.5
472,1,1,0.5
473,1,1,0.5
474,1,1,0.5
475,1,0.9,0.68
476,1,1,0.5
477,1,1,0.5
478,1,1,0.5
479,1,1,0.5
480,1,1,0.5
481,1,1,0.5
482,1,1,0.5
483,1,1,0.5
484,1,1,0.5
485,1,1,0.5
486,1,1,0.5
487,1,1,0.5
488,1,1,0.5
489,1,0.9,0.68
490,1,1,0.5
491,1,1,0.5
492,1,1,0.5
493,1,1,0.5
494,1,1,0.5
495,1,1,0.5
496,1,0.9,0.68
497,1,1,0.5
498,1,1,0.5
499,1,1,0.5
500,1,1,0.5
501,1,1,0.5
502,1,1,0.5
503,1,0.9,0.68
504,1,1,0.5
505,1,0.9,0.68
506,1,1,0.5
507,1,0.9,0.68
508,1,1,0.5
509,1,1,0.5
510,1,0.9,0.68
511,1,0.9,0.68
512,1,1,0.5
513,1,1,0.5
514,1,1,0.5
515,1,1,0.5
516,1,1,0.5
517,1,1,0.5
518,1,1,0.5
519,1,1,0.5
520,1,0.9,0.68
521,1,1,0.5
522,1,1,0.5
523,1,1,0.5
524,1,1,0.5
525,1,1,0.5
526,1,1,0.5
527,1,0.9,0.68
528,1,1,0.5
529,1,1,0.5
530,1,1,0.5
531,1,1,0.5
532,1,1,0.5
533,1,1,0.5
534,1,0.9,0.68
535,1,1,0.5
536,1,1,0.5
537,1,1,0.5
538,1,1,0.5
539,1,1,0.5
540,1,1,0.5
541,1,0.9,0.68
542,1,1,0.5
543,1,1,0.5
544,1,1,0.5
545,1,1,0.5
546,1,1,0.5
547,1,1,0.5
548,1,0.9,0.68
549,1,1,0.5
550,1,1,0.5
551,1,1,0.5
552,1,1,0.5
553,1,1,0.5
554,1,1,0.5
555,1,0.9,0.68
556,1,1,0.5
557,1,1,0.5
558,1,1,0.5
559,1,1,0.5
560,1,1,0.5
561,1,1,0.5
562,1,0.9,0.68
563,1,1,0.5
564,1,1,0.5
565,1,1,0.5
566,1,1,0.5
567,1,1,0.5
568,1,1,0.5
569,1,1,0.5
570,1,1,0.5
571,1,1,0.5
572,1,1,0.5
573,1,1,0.5
574,1,1,0.5
575,1,1,0.5
576,1,1,0.5
577,1,1,0.5
578,1,1,0.5
579,1,1,0.5
580,1,1,0.5
581,1,1,0.5
582,1,1,0.5
583,1,1,0.5
584,1,1,0.5
585,1,1,0.5
586,1,1,0.5
587,1,1,0.5
588,1,1,0.5
589,1,1,0.5
590,1,1,0.5
591,1,1,0.5
592,1,1,0.5
593,1,0.9,0.68
594,1,1,0.5
595,1,1,0.5
596,1,1,0.5
597,1,0.9,0.68
598,1,1,0.5
599,1,1,0.5
600,1,1,0.5
601,1,1,0.5
602,1,1,0.5
603,1,1,0.5
604,1,1,0.5
605,1,1,0.5
606,1,1,0.5
607,1,1,0.5
608,1,1,0.5
609,1,1,0.5
610,1,1,0.5
611,1,1,0.5
612,1,1,0.5
613,1,1,0.5
614,1,1,0.5
615,1,0.9,0.68
616,1,1,0.5
617,1,1,0.5
618,1,1,0.5
619,1,0.9,0.68
620,1,1,0.5
621,1,1,0.5
622,1,1,0.5
623,1,1,0.5
624,1,1,0.5
625,1,1,0.5
626,1,0.9,0.68
627,1,1,0.5
628,1,1,0.5
629,1,1,0.5
630,1,1,0.5
631,1,1,0.5
632,1,0.9,0.68
633,1,1,0.5
634,1,1,0.5
635,1,1,0.5
636,1,1,0.5
637,1,1,0.5
638,1,1,0.5
639,1,0.976,0.967
640,1,1,0.5
641,1,1,0.5
642,1,1,0.5
643,1,1,0.5
644,1,1,0.5
645,1,1,0.5
646,1,0.976,0.967
647,1,1,0.5
648,1,1,0.5
649,1,1,0.5
650,1,1,0.5
651,1,1,0.5
652,1,1,0.5
653,1,1,0.5
654,1,1,0.5
655,1,1,0.5
656,1,1,0.5
657,1,1,0.5
658,1,0.976,0.967
659,1,1,0.5
660,1,1,0.5
661,1,1,0.5
662,1,1,0.5
663,1,1,0.5
664,1,1,0.5
665,1,1,0.5
666,1,1,0.5
667,1,1,0.5
668,1,1,0.5
669,1,1,0.5
670,1,0.976,0.967
671,1,1,0.5
672,1,1,0.5
673,1,0.976,0.967
674,1,1,0.5
675,1,1,0.5
676,1,0.976,0.967
677,1,1,0.5
678,1,1,0.5
679,1,0.976,0.967
680,1,1,0.5
681,1,1,0.5
682,1,0.994,0.992
683,1,1,0.5
684,1,1,0.5
685,1,1,0.5
686,1,1,0.5
687,1,0.994,0.992
688,1,1,0.5
689,1,1,0.5
690,1,1,0.5
691,1,1,0.5
692,1,1,0.5
693,1,1,0.5
694,1,0.994,0.992
695,1,1,0.5
696,1,1,0.5
697,1,1,0.5
698,1,1,0.5
699,1,0.994,0.992
700,1,1,0.5
701,1,1,0.5
702,1,0.994,0.992
703,1,1,0.5
704,1,1,0.5
705,1,0.994,0.992
706,1,1,0.5
707,1,1,0.5
708,1,0.994,0.992
709,1,1,0.5
710,1,1,0.5
711,1,0.994,0.992
712,1,0.9722,0.9
713,1,0.8462,0.68
714,1,1,0.5
715,1,1,0.5
716,1,1,0.5
717,1,1,0.5
718,1,1,0.5
719,1,1,0.5
720,1,1,0.5
721,1,1,0.5
722,1,1,0.5
723,1,1,0.5
724,1,0.9691,0.9
725,1,0.8909,0.68
726,1,1,0.92
727,1,1,0.5
728,1,1,0.5
729,1,1,0.5
730,1,0,0
731,1,0,0
732,1,0,0
733,1,0,0
734,1,1,0.5
735,1,0,0
736,1,0,0
737,1,1,0.25
738,1,1,0.25
739,1,1,0.25
740,1,1,0.5
741,1,1,0.5
742,1,1,0.5
743,1,1,0.5
744,1,0.4893,0.0489
745,1,0.4893,0.0489
746,1,0.4893,0.0489
747,1,0.4893,0.0489
748,1,0.4893,0.0489
749,1,0.4543,0.0681
750,1,0.98,0.914
751,1,1,0.5
752,1,1,0.5
753,1,1.857,1.8061
754,1,1,0.5
755,1,0.5943,0.0594
756,1,0.5943,0.0594
757,1,0.5943,0.0594
758,1,0.5943,0.0594
759,1,1,0.5
760,1,0.4818,0.055
761,1,0.96,0.925
762,1,1,0.5
763,1,1,0.5
764,1,0.5,0.1
765,1,0.5943,0.0786
766,1,0.88,0.85
767,1,1,0.5
768,1,1,0.5
769,1,1,0.5
770,1,1,0.5
771,1,1,0.5
772,1,1,0.5
773,1,1,0.5
774,1,1,0.5
775,1,1,0.5
776,1,1,0.5
777,1,1,0.5
778,1,1,0.5
779,1,1,0.5
780,1,1,0.5
781,1,1,0.5
782,1,1,0.5
783,1,1,0.5
784,1,0,0
785,1,0,0
786,1,0,0
787,1,0,0
788,1,1,0.5
789,1,1,0.5
790,1,1,0.5
791,1,1,0.5
792,1,1,0.5
793,1,1,0.5
794,1,1,0.5
795,1,0.96,0.925
796,1,0.96,0.925
797,1,0.96,0.925
798,1,0.96,0.925
799,1,0.96,0.925
800,1,0.96,0.925
801,1,0.96,0.925
802,1,0.96,0.925
803,1,1,0.5
804,1,1,0.5
805,1,1,0.5
806,1,1,0.5
807,1,1,0.5
808,1,1,0.5
809,1,1,0.5
810,1,1,0.5
811,1,1,0.5
812,1,1,0.5
813,1,1,0.5
814,1,1,0.5
815,1,1,0.5
816,1,1,0.5
817,1,1,0.5
818,1,1,0.5
819,1,1,0.5
820,1,1,0.5
821,1,1,0.5
822,1,1,0.5
823,1,1,0.5
824,1,1,0.5
825,1,1,0.5
826,1,1,0.5
827,1,1,0.5
828,1,1,0.5
829,1,1,0.5
830,1,1,0.5
831,1,1,0.5
832,1,1,0.5
833,1,1,0.9
834,1,1,0.68
835,1,1,0.92
836,1,1,0.5
837,1,1,0.5
838,1,1,0.5
839,1,0,0
840,1,0,0
841,1,0,0
842,1,0,0
843,1,1,0.5
844,1,0,0
845,1,0,0
846,1,1,0.25
847,1,1,0.25
848,1,1,0.25
849,1,1,0.5
850,1,1,0.5
851,1,1,0.5
852,1,1,0.92
853,1,1,0.5
854,1,1,0.5
855,1,1,0.5
856,1,1,0.25
857,1,1,0.5
858,1,1,0.5
859,1,1,0.5
860,1,1,0.68
861,1,1,0.5
862,1,1,0.68
863,1,0,0
864,1,0,0
865,1,1,0.5
866,1,0,0
867,1,1,0.25
868,1,0,0
869,1,1,0.5
870,1,1,0.5
871,1,1,0.5
872,1,1,0.5
873,1,1,0.5
874,1,1,0.5
875,1,1,0.5
876,1,1,0.5
877,1,1,0.5
878,1,1,0.5
879,1,1,0.5
880,1,1,0.5
881,1,1,0.5
882,1,1,0.5
883,1,1,0.5
884,1,1,0.5
885,1,1,0.5
886,1,1,0.5
887,1,1,0.5
888,1,1,0.5
889,1,1,0.5
890,1,1,0.5
891,1,1,0.5
892,1,1,0.5
893,1,1,0.5
894,1,1,0.5
895,1,1,0.5
896,1,1,0.5
897,1,1,0.5
898,1,0,0
899,1,1,0.5
900,1,1,0.5
901,1,1,0.5
902,1,1,0.5
903,1,1,0.5
904,1,1,0.5
905,1,1,0.5
906,1,1,0.5
907,1,1,0.5
908,1,1,0.5
909,1,1,0.5
910,1,1,0.5
911,1,1,0.5
912,1,1,0.5
913,1,1,0.5
914,1,1,0.5
915,1,1,0.5
916,1,1,0.5
917,1,1,0.5
918,1,1,0.5
919,1,1,0.5
920,1,1,0.5
921,1,1,0.5
922,1,1,0.5
923,1,1,0.5
924,1,1,0.5
925,1,1,0.5
926,1,1,0.5
927,1,1,0.5
928,1,1,0.5
929,1,1,0.5
930,1,1,0.5
931,1,1,0.5
932,1,1,0.5
933,1,1,0.5
934,1,1,0.5
935,1,0.7,0.42
936,1,0.96,0.937
937,1,0.96,0.925
938,1,0,0
939,1,0,0
940,1,0.96,0.925
941,1,1,0.5
942,1,1,0.5
943,1,1,0.5
944,1,1,0.5
945,1,1,0.5
946,1,1,0.5
947,1,1,0.5
948,1,1,0.5
949,1,1,0.5
950,1,1,0.5
951,1,1,0.5
952,1,1,0.5
953,1,1,0.5
954,1,1,0.5
955,1,1,0.5
956,1,1,0.5
957,1,1,0.5
958,1,1,0.5
959,1,1,0.5
960,1,1,0.5
961,1,1,0.5
962,1,1,0.5
963,1,1,0.5
964,1,1,0.5
965,1,1,0.5
966,1,1,0.5
967,1,1,0.5
968,1,1,1
969,1,1,0.5
970,1,1,0.5
971,1,0,0
972,1,0,0
973,1,0.9231,0.68
974,1,1,0.68
975,1,1,0.5
976,1,0,0
977,1,0,0
978,1,0,0
979,1,0,0
980,1,1,0.25
981,1,0.9706,0.9
982,1,0.9286,0.9
983,1,1,0.5
984,1,0,0
985,1,0,0
986,1,0,0
987,1,0,0
988,1,1,0.25
989,1,1,0.92
990,1,1,0.5
991,1,1,0.5
992,1,0,0.25
993,1,0.8,0.68
994,1,1,0.68
995,1,1,0.5
996,1,0,0
997,1,0,0
998,1,0,0
999,1,0,0
1000,1,1,0.25
1001,1,0.9701,0.9
1002,1,0.9412,0.9
1003,1,1,0.5
1004,1,0,0
1005,1,0,0
1006,1,0,0
1007,1,0,0
1008,1,1,0.25
1009,1,0,0
1010,1,0.96,0.925
1011,1,0.96,0.925
1012,1,0.96,0.925
1013,1,1,0.5
1014,1,0.96,0.925
1015,1,0.96,0.925
1016,1,0.96,0.925
1017,1,1,0.5
1018,1,1,0.5
1019,1,0.96,0.925
1020,1,0.96,0.925
1021,1,0.96,0.925
1022,1,0.96,0.925
1023,1,0.96,0.925
1024,1,1,0.5
1025,1,1,0.5
1026,1,0.96,0.925
1027,1,0.96,0.925
1028,1,0.96,0.925
1029,1,1,0.5
1030,1,0.96,0.925
1031,1,0.96,0.925
1032,1,0.96,0.925
1033,1,1,0.5
1034,1,1,0.5
1035,1,0.96,0.925
1036,1,1,0.5
1037,1,1,0.5
1038,1,1,0.5
1039,1,0.96,0.925
1040,1,1,0.5
1041,1,1,0.5
1042,1,0.96,0.925
1043,1,0.68,0.62
1044,1,0.68,0.62
1045,1,0.68,0.62
1046,1,1,0.5
1047,1,1,0.5
1048,1,0.68,0.62
1049,1,0.68,0.62
1050,1,1,0.5
1051,1,1,0.5
1052,1,0.68,0.62
1053,1,0.68,0.62
1054,1,0.68,0.62
1055,1,0.68,0.62
1056,1,0.68,0.62
1057,1,1,0.5
1058,1,1,0.5
1059,1,0.68,0.62
1060,1,0.68,0.62
1061,1,0.68,0.62
1062,1,1,0.5
1063,1,0.68,0.62
1064,1,0.68,0.62
1065,1,0.68,0.62
1066,1,1,0.5
1067,1,1,0.5
1068,1,0.68,0.62
1069,1,1,0.5
1070,1,1,0.5
1071,1,1,0.5
1072,1,0.68,0.62
1073,1,1,0.5
1074,1,1,0.5
1075,1,0.68,0.62
1076,1,1,0.5
1077,1,1,0.5
1078,1,1,0.5
1079,1,1,0.5
1080,1,1,0.5
1081,1,1,0.5
1082,1,1,0.5
1083,1,1,0.5
1084,1,1,0.5
1085,1,1,0.5
1086,1,1,0.5
1087,1,1,0.5
1088,1,1,0.5
1089,1,1,0.5
1090,1,1,0.5
1091,1,1,0.5
1092,1,1,0.5
1093,1,1,0.5
1094,1,1,0.5
1095,1,1,0.5
1096,1,1,0.5
1097,1,1,0.5
1098,1,1,0.5
1099,1,1,0.5
1100,1,1,0.5
1101,1,1,0.5
1102,1,1,0.5
1103,1,1,0.5
1104,1,1,0.5
1105,1,1,0.5
1106,1,1,0.5
1107,1,1,0.5
1108,1,1,0.5
1109,1,1,0.5
1110,1,0.99,0.919
1111,1,0.99,0.919
1112,1,0.99,0.919
1113,1,1,0.5
1114,1,1,0.5
1115,1,0.976,0.967
1116,1,1,0.5
1117,1,1,0.5
1118,1,1,0.5
1119,1,0.976,0.967
1120,1,1,0.5
1121,1,1,0.5
1122,1,1,0.5
1123,1,0.976,0.967
1124,1,1,0.5
1125,1,1,0.5
1126,1,1,0.5
1127,1,0.976,0.967
1128,1,0.976,0.967
1129,1,0.976,0.967
1130,1,0.994,0.992
1131,1,0.994,0.992
1132,1,0.994,0.992
1133,1,1,0.5
1134,1,1,0.5
1135,1,1,0.5
1136,1,1,0.5
1137,1,1,0.5
1138,1,1,0.5
1139,1,1,0.5
1140,1,1,0.5
1141,1,1,0.5
1142,1,1,0.5
1143,1,1,0.5
1144,1,1,0.5
1145,1,1,0.5
1146,1,1,0.5
1147,1,1,0.5
1148,1,1,0.5
1149,1,1,0.5
1150,1,1,0.5
1151,1,1,0.5
1152,1,1,0.5
1153,1,1,0.5
1154,1,1,0.5
1155,1,1,0.5
1156,1,1,0.5
1157,1,0.245,0.0342
1158,1,0.245,0.0342
1159,1,0.9802,0.42
1160,1,0.9706,0.42
1161,1,1,0.42
1162,1,0.98,0.42
1163,1,1,0.42
1164,1,1,0.42
1165,1,0.9798,0.42
1166,1,1,0.42
1167,1,0.978,0.42
1168,1,0,0.42
1169,1,0.9758,0.42
1170,1,1,0.9
1171,1,1,0.68
1172,1,1,0.92
1173,1,0,0
1174,1,0,0
1175,1,0,0
1176,1,0,0
1177,1,0,0
1178,1,0,0
1179,1,1,0.25
1180,1,0,0.25
1181,1,1,0.25
1182,1,1,0.42
1183,1,0,0.42
1184,1,0.98,0.42
1185,1,0.9802,0.42
1186,1,1,0.92
1187,1,1,0.25
1188,1,0.98,0.42
1189,1,1,0.42
1190,1,0.96,0.925
1191,1,0.96,0.925
1192,1,0.96,0.925
1193,1,0.96,0.925
1194,1,1,0.5
1195,1,1,0.5
1196,1,1,0.5
1197,1,0,0
1198,1,1,0.5
1199,1,1,0.5
1200,1,1,0.5
1201,1,1,0.5
1202,1,1,0.5
1203,1,1,0.5
1204,1,1,0.5
1205,1,1,0.5
1206,1,1,0.5
1207,1,1,0.5
1208,1,1,0.5
1209,1,1,0.5
1210,1,1,0.5
1211,1,1,0.5
1212,1,1,0.5
1213,1,1,0.5
1214,1,1,0.5
1215,1,1,0.5
1216,1,1,0.5
1217,1,1,0.5
1218,1,1,0.5
1219,1,1,0.5
1220,1,1,0.5
1221,1,1,0.5
1222,1,1,0.5
1223,1,1,0.5
1224,1,1,0.5
1225,1,1,0.5
1226,1,1,0.5
1227,1,1,0.5
1228,1,1,0.5
1229,1,1,0.5
1230,1,1,0.5
1231,1,1,0.5
1232,1,1,0.5
1233,1,1,0.5
1234,1,1,0.5
1235,1,1,0.5
1236,1,1,0.5
1237,1,1,0.5
1238,1,1,0.5
1239,1,1,0.5
1240,1,1,0.5
1241,1,0.96,0.925
1242,1,1,0.5
1243,1,0.96,0.925
1244,1,1,0.5
1245,1,0.96,0.925
1246,1,1,0.5
1247,1,1,0.5
1248,1,1,0.5
1249,1,1,0.5
1250,1,1,0.5
1251,1,1,0.5
1252,1,1,0.5
1253,1,1,0.5
1254,1,1,0.5
1255,1,1,0.5
1256,1,1,0.5
1257,1,1,0.5
1258,1,1,0.5
1259,1,1,0.5
1260,1,1,0.5
1261,1,1,0.5
1262,1,1,0.5
1263,1,1,0.5
1264,1,1,0.5
1265,1,1,0.5
1266,1,1,0.5
1267,1,1,0.5
1268,1,1,0.5
1269,1,1,0.5
1270,1,1,0.5
1271,1,1,0.5
1272,1,1,0.5
1273,1,1,0.5
1274,1,1,0.5
1275,1,0.96,0.925
1276,1,1,0.5
1277,1,0.96,0.925
1278,1,1,0.5
1279,1,0.68,0.62
1280,1,1,0.5
1281,1,0.68,0.62
1282,1,1,0.5
1283,1,1,0.5
1284,1,1,0.5
1285,1,1,0.5
1286,1,1,0.5
1287,1,1,0.5
1288,1,1,0.5
1289,1,1,0.5
1290,1,1,0.5
1291,1,1,0.5
1292,1,1,0.5
1293,1,1,0.5
1294,1,1,0.5
1295,1,0.9167,0.68
1296,1,1,0.68
1297,1,0,0
1298,1,0,0
1299,1,0,0
1300,1,0,0
1301,1,1,0.25
1302,1,1,0.42
1303,1,0.977,0.9
1304,1,0.95,0.9
1305,1,0,0
1306,1,0,0
1307,1,0,0
1308,1,0,0
1309,1,1,0.25
1310,1,0.9795,0.42
1311,1,1,0.92
1312,1,0,0.25
1313,1,1,0.42
1314,1,1,0.92
1315,1,1,0.25
1316,1,1,0.42
1317,1,0.9,0.68
1318,1,1,0.68
1319,1,0,0
1320,1,0.97,0.9
1321,1,1,0.9
1322,1,0,0
1323,1,1,0.92
1324,1,1,0.68
1325,1,0.9,0.68
1326,1,1,0.68
1327,1,0,0
1328,1,0,0
1329,1,0,0
1330,1,0,0
1331,1,0,0.25
1332,1,0,0.42
1333,1,1,0.9
1334,1,0.97,0.9
1335,1,1,0.9
1336,1,0,0
1337,1,0,0
1338,1,0,0
1339,1,0,0
1340,1,1,0.25
1341,1,1,0.42
1342,1,1,0.92
1343,1,0,0.92
1344,1,1,0.25
1345,1,0.9811,0.42
1346,1,0.9,0.68
1347,1,1,0.68
1348,1,0,0
1349,1,0.97,0.9
1350,1,1,0.9
1351,1,0,0
1352,1,1,0.92
1353,1,1,0.68
1354,1,0.9,0.68
1355,1,1,0.68
1356,1,0,0
1357,1,0,0
1358,1,0,0
1359,1,0,0
1360,1,0,0.25
1361,1,0,0.42
1362,1,1,0.9
1363,1,0.97,0.9
1364,1,0.97,0.9
1365,1,0,0
1366,1,0,0
1367,1,0,0
1368,1,0,0
1369,1,0,0.25
1370,1,1,0.42
1371,1,1,0.92
1372,1,1,0.68
1373,1,0.9,0.68
1374,1,0,0
1375,1,0,0
1376,1,0,0
1377,1,0,0
1378,1,1,0.25
1379,1,0,0.42
1380,1,0.97,0.9
1381,1,0.97,0.9
1382,1,0,0
1383,1,0,0
1384,1,0,0
1385,1,0,0
1386,1,1,0.25
1387,1,1,0.42
1388,1,1,0.92
1389,1,1,0.25
1390,1,0.9797,0.42
1391,1,1,0.68
1392,1,0.9,0.68
1393,1,0,0
1394,1,0,0
1395,1,0,0
1396,1,0,0
1397,1,1,0.25
1398,1,0,0.42
1399,1,1,0.9
1400,1,0.97,0.9
1401,1,0,0
1402,1,0,0
1403,1,0,0
1404,1,0,0
1405,1,0,0.25
1406,1,1,0.42
1407,1,0,0.68
1408,1,0.9,0.68
1409,1,0,0
1410,1,0,0
1411,1,0,0
1412,1,0,0
1413,1,0,0.25
1414,1,0,0.42
1415,1,1,0.9
1416,1,0.97,0.9
1417,1,0,0
1418,1,0,0
1419,1,0,0
1420,1,0,0
1421,1,1,0.25
1422,1,1,0.42
1423,1,1,0.92
1424,1,1,0.25
1425,1,1,0.42
1426,1,1,0.9
1427,1,0.97,0.9
1428,1,0,0
1429,1,0,0
1430,1,0,0
1431,1,0,0
1432,1,1,0.25
1433,1,0.9474,0.42
1434,1,0,0
1435,1,0.4543,0.0681
1436,1,0.97,0.9
1437,1,0.9,0.68
1438,1,1,0.92
1439,1,1,0.5
1440,1,0.96,0.925
1441,1,0.96,0.925
1442,1,0.96,0.925
1443,1,0.96,0.925
1444,1,0.96,0.925
1445,1,0.96,0.925
1446,1,0.96,0.925
1447,1,0.96,0.925
1448,1,0.96,0.925
1449,1,0.96,0.925
1450,1,0.96,0.925
1451,1,0.96,0.925
1452,1,0.96,0.925
1453,1,0.96,0.925
1454,1,0.96,0.925
1455,1,0.96,0.925
1456,1,0.96,0.925
1457,1,0.96,0.925
1458,1,0.96,0.925
1459,1,0.96,0.925
1460,1,0.96,0.925
1461,1,0.96,0.925
1462,1,0.96,0.925
1463,1,0.96,0.925
1464,1,0.96,0.925
1465,1,0.96,0.925
1466,1,0.96,0.925
1467,1,0.96,0.925
1468,1,0.96,0.925
1469,1,0.96,0.925
1470,1,0.96,0.925
1471,1,0.96,0.925
1472,1,0.96,0.925
1473,1,0.96,0.925
1474,1,0.96,0.925
1475,1,0.96,0.925
1476,1,1,0.5
1477,1,0.96,0.925
1478,1,0.96,0.925
1479,1,0.96,0.925
1480,1,0.96,0.925
1481,1,0.96,0.925
1482,1,0.96,0.925
1483,1,0.96,0.925
1484,1,0.96,0.925
1485,1,0.96,0.925
1486,1,0.96,0.925
1487,1,0.96,0.925
1488,1,0.96,0.925
1489,1,0.96,0.925
1490,1,0.96,0.925
1491,1,0.96,0.925
1492,1,0.96,0.925
1493,1,0.96,0.925
1494,1,0.96,0.925
1495,1,0.96,0.925
1496,1,0.96,0.925
1497,1,0.96,0.925
1498,1,0.96,0.925
1499,1,0.96,0.925
1500,1,0.96,0.925
1501,1,0.96,0.925
1502,1,0.96,0.925
1503,1,0.96,0.925
1504,1,0.96,0.925
1505,1,0.96,0.925
1506,1,0.96,0.925
1507,1,0.96,0.925
1508,1,0.96,0.925
1509,1,0.96,0.925
1510,1,0.96,0.925
1511,1,0.96,0.925
1512,1,0.96,0.925
1513,1,0.96,0.925
1514,1,0.96,0.925
1515,1,0.96,0.925
1516,1,0.96,0.925
1517,1,0.96,0.925
1518,1,0.96,0.925
1519,1,0.96,0.925
1520,1,0.96,0.925
1521,1,0.96,0.925
1522,1,0.96,0.925
1523,1,0.96,0.925
1524,1,0.96,0.925
1525,1,0.96,0.925
1526,1,0.96,0.925
1527,1,0.96,0.925
1528,1,0.96,0.925
1529,1,0.96,0.925
1530,1,0.96,0.925
1531,1,0.96,0.925
1532,1,0.96,0.925
1533,1,0.96,0.925
1534,1,0.96,0.925
1535,1,0.96,0.925
1536,1,0.96,0.925
1537,1,0.96,0.925
1538,1,0.96,0.925
1539,1,0.96,0.925
1540,1,0.96,0.925
1541,1,0.96,0.925
1542,1,0.96,0.925
1543,1,0.96,0.925
1544,1,0.96,0.925
1545,1,0.96,0.925
1546,1,0.96,0.925
1547,1,0.96,0.925
1548,1,0.96,0.925
1549,1,0.96,0.925
1550,1,0.96,0.925
1551,1,0.96,0.925
1552,1,0.96,0.925
1553,1,0.96,0.925
1554,1,0.96,0.925
1555,1,0.96,0.925
1556,1,0.96,0.925
1557,1,0.96,0.925
1558,1,0.96,0.925
1559,1,0.96,0.925
1560,1,0.96,0.925
1561,1,0.96,0.925
1562,1,0.96,0.925
1563,1,0.96,0.925
1564,1,0.96,0.925
1565,1,0.96,0.925
1566,1,0.96,0.925
1567,1,0.96,0.925
1568,1,0.96,0.925
1569,1,0.96,0.925
1570,1,0.96,0.925
1571,1,0.96,0.925
1572,1,0.96,0.925
1573,1,0.96,0.925
1574,1,0.96,0.925
1575,1,0.61,0.555
1576,1,0.61,0.555
1577,1,0.7,0.42
1578,1,0.96,0.937
1579,1,0.997,0.927
1580,1,0.961,0.8544
1581,1,1,0.5
1582,1,1,0.5
1583,1,1,0.5
1584,1,1,0.5
1585,1,1,0.5
1586,1,1,0.5
1587,1,1,0.5
1588,1,1,0.5
1589,1,1,0.5
1590,1,1,1
1591,1,1,1
1592,1,1,0.5
1593,1,1,0.5
1594,1,1,0.5
1595,1,0.994,0.992
1596,1,0.96,0.925
1597,1,0.96,0.925
1598,1,0.96,0.937
1599,1,1,0.5
1600,1,0,0
1601,1,0,0
1602,1,0,0
1603,1,1,0.5
1604,1,1,0.5
1605,1,1,0.5
1606,1,1,0.5
1607,1,1,0.5
1608,1,1,0.5
1609,1,1,0.5
1610,1,1,0.5
1611,1,1,0.5
1612,1,1,0.5
1613,1,1,0.5
1614,1,1,0.5
1615,1,1,0.5
1616,1,1,0.5
1617,1,1,0.5
1618,1,0.96,0.925
1619,1,0.4818,0.055
1620,1,0.4818,0.055
1621,1,0.4818,0.055
1622,1,0.4818,0.055
1623,1,0.4818,0.055
1624,1,0.4818,0.055
1625,1,0.4818,0.055
1626,1,0.4818,0.055
1627,1,0.4818,0.055
1628,1,1,0.5
1629,1,0.96,0.925
1630,1,0.96,0.925
1631,1,0.96,0.925
1632,1,0.96,0.925
1633,1,0.96,0.925
1634,1,1,0.5
1635,1,0.68,0.62
1636,1,0.68,0.62
1637,1,0.68,0.62
1638,1,0.68,0.62
1639,1,0.68,0.62
1640,1,1,0.5
1641,1,1,0.5
1642,1,1,0.5
1643,1,1,0.5
1644,1,1,0.5
1645,1,1,0.5
1646,1,0.96,0.937
1647,1,0.994,0.992
1648,1,0.994,0.992
1649,1,0.994,0.992
1650,1,0.994,0.992
1651,1,0.96,0.937
1652,1,0.994,0.992
1653,1,0.994,0.992
1654,1,0.96,0.937
1655,1,0.994,0.992
1656,1,0.994,0.992
1657,1,0.994,0.992
1658,1,0.994,0.992
1659,1,0.994,0.992
1660,1,0.994,0.992
1661,1,0.96,0.937
1662,1,0.994,0.992
1663,1,0.994,0.992
1664,1,0.994,0.992
1665,1,0.994,0.992
1666,1,0.96,0.937
1667,1,1,1
1668,1,0.994,0.992
1669,1,0.994,0.992
1670,1,0.994,0.992
1671,1,0.994,0.992
1672,1,0.96,0.937
1673,1,1,1
1674,1,0.994,0.992
1675,1,0.96,0.937
1676,1,0.994,0.992
1677,1,0.994,0.992
1678,1,0.994,0.992
1679,1,0.994,0.992
1680,1,0.96,0.937
1681,1,0.96,0.937
1682,1,1,0.5
1683,1,1,0.5
1684,1,1,0.5
1685,1,1,0.5
1686,1,1,1
1687,1,1,1
1688,1,0.4543,0.0681
1689,1,0.9,0.68
1690,1,0.96,0.925
1691,1,0.96,0.925
1692,1,0.96,0.925
1693,1,0.96,0.925
1694,1,0.96,0.925
1695,1,0.96,0.925
1696,1,0.96,0.925
1697,1,0.96,0.925
1698,1,0.96,0.925
1699,1,0.96,0.925
1700,1,0.96,0.925
1701,1,0.96,0.925
1702,1,0.96,0.925
1703,1,0.96,0.925
1704,1,0.96,0.925
1705,1,0.96,0.925
1706,1,0.96,0.925
1707,1,0.96,0.925
1708,1,0.96,0.925
1709,1,0.4893,0.0734
1710,1,1,0.7
1711,1,1,0.2308
1712,1,1,0.5
1713,1,1,0.5
1714,1,1,0.5
1715,1,1,0.5
1716,1,1,0.5
1717,1,1,0.5
1718,1,1,0.5
1719,1,1,0.5
1720,1,1,0.5
1721,1,1,0.5
1722,1,0.96,0.937
1723,1,1,0.5
1724,1,0.97,0.9
1725,1,1,0.68
1726,1,1,0.9
1727,1,1,0.68
1728,1,1,0.92
1729,1,0.97,0.9
1730,1,0.9,0.68
1731,1,1,0.92
1732,1,0,0
1733,1,0,0
1734,1,0,0
1735,1,0,0
1736,1,0,0
1737,1,0,0
1738,1,0,0
1739,1,0,0
1740,1,1,0.25
1741,1,1,0.25
1742,1,1,0.25
1743,1,1,0.42
1744,1,0,0.42
1745,1,0.9783,0.42
1746,1,0.4543,0.0681
1747,1,0.997,0.927
1748,1,0.997,0.927
1749,1,1,1
1750,1,0.96,0.937
1751,1,0,0
1752,1,0,0
1753,1,0,0
1754,1,0,0
1755,1,0,0
1756,1,0,0
1757,1,0,0
1758,1,0,0
1759,1,0.4572,0.0686
1760,1,0.4572,0.0686
1761,1,0.4572,0.0686
1762,1,0.4572,0.0686
1763,1,0.9,0.68
1764,1,0.9,0.68
1765,1,0.9,0.68
1766,1,0.9,0.68
1767,1,0.9,0.68
1768,1,0.9,0.68
1769,1,0.994,0.992
1770,1,0.994,0.992
1771,1,0.994,0.992
1772,1,0.994,0.992
1773,1,0.994,0.992
1774,1,0.994,0.992
1775,1,0.994,0.992
1776,1,0.994,0.992
1777,1,0.994,0.992
1778,1,0.994,0.992
1779,1,0.994,0.992
1780,1,0.994,0.992
1781,1,0.994,0.992
1782,1,0.994,0.992
1783,1,0.994,0.992
1784,1,0.994,0.992
1785,1,0.994,0.992
1786,1,0.994,0.992
1787,1,1,0.5
1788,1,1,0.5
1789,1,1,0.5
1790,1,1,0.5
1791,1,1,0.5
1792,1,1,0.5
1793,1,1,0.5
1794,1,1,0.5
1795,1,1,0.5
1796,1,1,0.5
1797,1,1,0.5
1798,1,1,0.5
1799,1,1,0.5
1800,1,1,0.5
1801,1,1,0.5
1802,1,1,0.5
1803,1,1,0.5
1804,1,1,0.5
1805,1,1,0.5
1806,1,1,0.5
1807,1,1,0.5
1808,1,1,0.5
1809,1,1,0.5
1810,1,1,0.5
1811,1,1,0.5
1812,1,1,0.5
1813,1,1,0.5
1814,1,1,0.5
1815,1,1,0.5
1816,1,1,0.5
1817,1,1,0.5
1818,1,1,0.5
1819,1,1,0.5
1820,1,1,0.5
1821,1,1,0.5
1822,1,1,0.5
1823,1,1,0.5
1824,1,1,0.5
1825,1,1,0.5
1826,1,1,0.5
1827,1,1,0.5
1828,1,1,0.5
1829,1,1,0.5
1830,1,1,0.5
1831,1,1,0.5
1832,1,1,0.5
1833,1,1,0.5
1834,1,1,0.5
1835,1,1,0.5
1836,1,1,0.5
1837,1,1,0.5
1838,1,1,0.5
1839,1,1,0.5
1840,1,1,0.5
1841,1,1,0.5
1842,1,1,0.5
1843,1,1,0.5
1844,1,1,0.5
1845,1,1,0.5
1846,1,1,0.5
1847,1,1,0.5
1848,1,1,0.5
1849,1,1,0.5
1850,1,1,0.5
1851,1,1,0.5
1852,1,1,0.5
1853,1,1,0.5
1854,1,1,0.5
1855,1,1,0.5
1856,1,1,0.5
1857,1,1,0.5
1858,1,1,0.5
1859,1,1,0.5
1860,1,1,0.5
1861,1,1,0.5
1862,1,1,0.5
1863,1,1,0.5
1864,1,1,0.5
1865,1,1,0.5
1866,1,1,0.5
1867,1,1,0.5
1868,1,1,0.5
1869,1,1,0.5
1870,1,1,0.5
1871,1,1,0.5
1872,1,1,0.5
1873,1,1,0.5
1874,1,1,0.5
1875,1,1,0.5
1876,1,1,0.5
1877,1,1,0.5
1878,1,1,0.5
1879,1,1,0.5
1880,1,1,0.5
1881,1,1,0.5
1882,1,1,0.5
1883,1,1,0.5
1884,1,1,0.5
1885,1,1,0.5
1886,1,1,0.5
1887,1,1,0.5
1888,1,0.96,0.925
1889,1,0.96,0.925
1890,1,0.96,0.925
1891,1,0.7,0.42
1892,1,1,0.5
1893,1,1,0.5
1894,1,1,0.5
1895,1,1,0.5
1896,1,1,0.5
1897,1,0.96,0.925
1898,1,0.96,0.925
1899,1,0.96,0.925
1900,1,0.96,0.925
1901,1,0.96,0.925
1902,1,0.96,0.925
1903,1,0.96,0.925
1904,1,0.7,0.42
1905,1,0,0
1906,1,0,0
1907,1,0.7,0.42
1908,1,0.92,0.62
1909,1,0.4815,0.048
1910,1,0.9,0.89
1911,1,0.19,0.13
1912,1,0.96,0.925
1913,1,0.96,0.925
1914,1,0.96,0.925
1915,1,0.96,0.925
1916,1,0.96,0.925
1917,1,0.96,0.925
1918,1,0.96,0.925
1919,1,0.96,0.925
1920,1,0.96,0.925
1921,1,0.96,0.925
1922,1,0.96,0.925
1923,1,0.96,0.925
1924,1,0.96,0.925
1925,1,0.96,0.925
1926,1,0.96,0.925
1927,1,0.96,0.925
1928,1,0.96,0.925
1929,1,0.96,0.925
1930,1,0.96,0.925
1931,1,0.96,0.925
1932,1,0.96,0.925
1933,1,0.96,0.925
1934,1,0.96,0.925
1935,1,0.96,0.925
1936,1,0.4893,0.0734
1937,1,1,0.5
1938,1,1,0.5
1939,1,1,0.5
1940,1,1,0.5
1941,1,1,0.5
1942,1,1,0.5
1943,1,1,0.5
1944,1,1,0.5
1945,1,1,0.5
1946,1,1,0.5
1947,1,1,0.5
1948,1,1,0.5
1949,1,1,0.5
1950,1,1,0.5
1951,1,1,0.5
1952,1,1,0.5
1953,1,1,0.5
1954,1,1,0.5
1955,1,1,0.5
1956,1,1,0.5
1957,1,1,0.5
1958,1,1,0.5
1959,1,1,0.5
1960,1,1,0.5
1961,1,1,0.5
1962,1,1,0.5
1963,1,1,0.5
1964,1,1,0.5
1965,1,1,0.5
1966,1,1,0.5
1967,1,1,0.5
1968,1,1,0.5
1969,1,1,0.5
1970,1,1,0.5
1971,1,1,0.5
1972,1,1,0.5
1973,1,1,0.5
1974,1,1,0.5
1975,1,1,0.5
1976,1,1,0.5
1977,1,1,0.5
1978,1,1,0.5
1979,1,1,0.5
1980,1,1,0.5
1981,1,1,0.5
1982,1,1,0.5
1983,1,1,0.5
1984,1,1,0.5
1985,1,1,0.5
1986,1,1,0.5
1987,1,1,0.5
1988,1,1,0.5
1989,1,1,0.5
1990,1,1,0.5
1991,1,1,0.5
1992,1,1,0.5
1993,1,1,0.5
1994,1,1,0.5
1995,1,1,0.5
1996,1,1,0.5
1997,1,1,0.5
1998,1,1,0.5
1999,1,1,0.5
2000,1,1,0.5
2001,1,1,0.5
2002,1,1,0.5
2003,1,1,0.5
2004,1,1,0.5
2005,1,1,0.5
2006,1,1,0.5
2007,1,1,0.5
2008,1,1,0.5
2009,1,1,0.5
2010,1,1,0.5
2011,1,1,0.5
2012,1,1,0.5
2013,1,1,0.5
2014,1,1,0.5
2015,1,1,0.5
2016,1,1,0.5
2017,1,1,0.5
2018,1,1,0.5
2019,1,1,0.5
2020,1,1,0.5
2021,1,1,0.5
2022,1,1,0.5
2023,1,1,0.5
2024,1,1,0.5
2025,1,1,0.5
2026,1,1,0.5
2027,1,1,0.5
2028,1,1,0.5
2029,1,1,0.5
2030,1,1,0.5
2031,1,1,0.5
2032,1,1,0.5
2033,1,1,0.5
2034,1,1,0.5
2035,1,1,0.5
2036,1,1,0.5
2037,1,1,0.5
2038,1,1,0.5
2039,1,1,0.5
2040,1,1,0.5
2041,1,1,0.97
2042,1,1,0.97
2043,1,1,0.97
2044,1,1,0.97
2045,1,1,0.97
2046,1,1,0.97
2047,1,1,0.97
2048,1,1,0.97
2049,1,1,0.97
2050,1,1,0.97
2051,1,1,0.97
2052,1,1,0.97
2053,1,1,0.97
2054,1,1,0.97
2055,1,1,0.97
2056,1,1,0.97
2057,1,1,0.97
2058,1,1,0.97
2059,1,1,0.97
2060,1,1,0.97
2061,1,1,0.97
2062,1,1,0.97
2063,1,1,0.97
2064,1,1,0.97
2065,1,1,0.97
2066,1,1,0.97
2067,1,1,0.97
2068,1,1,0.97
2069,1,1,0.97
2070,1,1,0.97
2071,1,1,0.97
2072,1,1,0.97
2073,1,1,0.97
2074,1,1,0.97
2075,1,1,0.97
2076,1,1,0.97
2077,1,1,0.97
2078,1,1,0.97
2079,1,1,0.97
2080,1,1,0.97
2081,1,1,0.97
2082,1,1,0.97
2083,1,1,0.97
2084,1,1,0.97
2085,1,1,0.97
2086,1,1,0.97
2087,1,1,0.97
2088,1,1,0.97
2089,1,1,0.97
2090,1,1,0.97
2091,1,1,0.97
2092,1,1,0.97
2093,1,1,0.97
2094,1,1,0.97
2095,1,1,0.97
2096,1,1,0.97
2097,1,1,0.97
2098,1,1,0.97
2099,1,1,0.97
2100,1,1,0.97
2101,1,1,0.97
2102,1,1,0.97
2103,1,1,0.97
2104,1,1,0.97
2105,1,1,0.97
2106,1,1,0.97
2107,1,1,0.97
2108,1,1,0.97
2109,1,1,0.97
2110,1,1,0.97
2111,1,1,0.97
2112,1,1,0.97
2113,1,1,0.97
2114,1,1,0.97
2115,1,1,0.97
2116,1,1,0.97
2117,1,1,0.97
2118,1,1,0.97
2119,1,1,0.97
2120,1,1,0.97
2121,1,1,0.97
2122,1,1,0.97
2123,1,1,0.97
2124,1,1,0.97
2125,1,1,0.97
2126,1,1,0.97
2127,1,1,0.97
2128,1,1,0.97
2129,1,1,0.97
2130,1,1,0.97
2131,1,1,0.97
2132,1,1,0.97
2133,1,1,0.97
2134,1,1,0.97
2135,1,1,0.97
2136,1,1,0.97
2137,1,1,0.97
2138,1,1,0.97
2139,1,1,0.97
2140,1,1,0.97
2141,1,1,0.97
2142,1,1,0.97
2143,1,1,0.97
2144,1,1,0.97
2145,1,1,0.97
2146,1,1,0.97
2147,1,1,0.97
2148,1,1,0.97
2149,1,1,0.97
2150,1,1,0.97
2151,1,1,0.97
2152,1,1,0.97
2153,1,1,0.97
2154,1,1,0.97
2155,1,1,0.97
2156,1,1,0.97
2157,1,1,0.97
2158,1,1,0.97
2159,1,1,0.97
2160,1,1,0.97
2161,1,1,0.97
2162,1,1,0.97
2163,1,1,0.97
2164,1,1,0.97
2165,1,1,0.97
2166,1,1,0.97
2167,1,1,0.97
2168,1,1,0.97
2169,1,1,0.97
2170,1,1,0.97
2171,1,1,0.97
2172,1,1,0.97
2173,1,1,0.97
2174,1,1,0.97
2175,1,1,0.97
2176,1,1,0.97
2177,1,1,0.97
2178,1,1,0.97
2179,1,1,0.97
2180,1,1,0.97
2181,1,1,0.97
2182,1,1,0.97
2183,1,1,0.97
2184,1,1,0.97
2185,1,1,0.97
2186,1,1,0.97
2187,1,1,0.97
2188,1,1,0.97
2189,1,1,0.97
2190,1,1,0.97
2191,1,1,0.97
2192,1,1,0.97
2193,1,1,0.97
2194,1,1,0.97
2195,1,1,0.97
2196,1,1,0.97
2197,1,1,0.97
2198,1,1,0.97
2199,1,1,0.97
2200,1,1,0.97
2201,1,1,0.97
2202,1,1,0.97
2203,1,1,0.97
2204,1,1,0.97
2205,1,1,0.97
2206,1,1,0.97
2207,1,1,0.97
2208,1,1,0.97
2209,1,1,0.97
2210,1,1,0.97
2211,1,1,0.97
2212,1,1,0.97
2213,1,1,0.97
2214,1,1,0.97
2215,1,1,0.97
2216,1,1,0.97
2217,1,1,0.97
2218,1,1,0.97
2219,1,1,0.97
2220,1,1,0.97
2221,1,0.633,0.474
2222,1,0.633,0.474
2223,1,0.633,0.474
2224,1,0.96,0.925
2225,1,0.994,0.992
2226,1,0.994,0.992
2227,1,0.994,0.992
2228,1,0.994,0.992
2229,1,0.994,0.992
2230,1,0.994,0.992
2231,1,0.994,0.992
2232,1,0.994,0.992
2233,1,0.994,0.992
2234,1,0.994,0.992
2235,1,0.994,0.992
2236,1,0.994,0.992
2237,1,0.994,0.992
2238,1,0.994,0.992
2239,1,0.994,0.992
2240,1,0.994,0.992
2241,1,0.994,0.992
2242,1,0.994,0.992
2243,1,0.994,0.992
2244,1,0.994,0.992
2245,1,0.994,0.992
2246,1,0.994,0.992
2247,1,0.994,0.992
2248,1,0.994,0.992
2249,1,0.994,0.992
2250,1,0.994,0.992
2251,1,0.994,0.992
2252,1,0.994,0.992
2253,1,0.994,0.992
2254,1,0.994,0.992
2255,1,0.994,0.992
2256,1,0.994,0.992
2257,1,0.994,0.992
2258,1,0.994,0.992
2259,1,0.994,0.992
2260,1,0.994,0.992
2261,1,1,0.5
2262,1,1,0.5
2263,1,1,0.5
2264,1,1,0.5
2265,1,1,0.5
2266,1,1,0.5
2267,1,1,0.5
2268,1,1,0.5
2269,1,1,0.5
2270,1,1,0.5
2271,1,1,0.5
2272,1,1,0.5
2273,1,1,0.5
2274,1,1,0.5
2275,1,1,0.5
2276,1,1,0.5
2277,1,1,0.5
2278,1,1,0.5
2279,1,1,0.5
2280,1,1,0.5
2281,1,1,0.5
2282,1,1,0.5
2283,1,1,0.5
2284,1,1,0.5
2285,1,1,0.5
2286,1,1,0.5
2287,1,1,0.5
2288,1,1,0.5
2289,1,1,0.5
2290,1,1,0.5
2291,1,1,0.5
2292,1,1,0.5
2293,1,1,0.5
2294,1,1,0.5
2295,1,1,0.5
2296,1,1,0.5
2297,1,1,0.5
2298,1,1,0.5
2299,1,1,0.5
2300,1,1,0.5
2301,1,1,0.5
2302,1,1,0.5
2303,1,1,0.5
2304,1,1,0.5
2305,1,1,0.5
2306,1,1,0.5
2307,1,1,0.5
2308,1,1,0.5
2309,1,1,0.5
2310,1,1,0.5
2311,1,1,0.5
2312,1,1,0.5
2313,1,1,0.5
2314,1,1,0.5
2315,1,1,0.5
2316,1,1,0.5
2317,1,1,0.5
2318,1,1,0.5
2319,1,1,0.5
2320,1,1,0.5
2321,1,1,0.5
2322,1,1,0.5
2323,1,1,0.5
2324,1,1,0.5
2325,1,1,0.5
2326,1,1,0.5
2327,1,1,0.5
2328,1,1,0.5
2329,1,1,0.5
2330,1,1,0.5
2331,1,1,0.5
2332,1,1,0.5
2333,1,1,0.5
2334,1,1,0.5
2335,1,1,0.5
2336,1,1,0.5
2337,1,1,0.5
2338,1,1,0.5
2339,1,1,0.5
2340,1,1,0.5
2341,1,1,0.5
2342,1,1,0.5
2343,1,1,0.5
2344,1,1,0.5
2345,1,1,0.5
2346,1,1,0.5
2347,1,1,0.5
2348,1,1,0.5
2349,1,1,0.5
2350,1,1,0.5
2351,1,1,0.5
2352,1,1,0.5
2353,1,1,0.5
2354,1,1,0.5
2355,1,1,0.5
2356,1,1,0.5
2357,1,1,0.5
2358,1,1,0.5
2359,1,1,0.5
2360,1,1,0.5
2361,1,1,0.5
2362,1,1,0.5
2363,1,1,0.5
2364,1,1,0.5
2365,1,1,0.5
2366,1,1,0.5
2367,1,1,0.5
2368,1,1,0.5
2369,1,1,0.5
2370,1,1,0.5
2371,1,1,0.5
2372,1,1,0.5
2373,1,1,0.5
2374,1,1,0.5
2375,1,1,0.5
2376,1,1,0.5
2377,1,1,0.5
2378,1,1,0.5
2379,1,1,0.5
2380,1,1,0.5
2381,1,1,0.5
2382,1,1,0.5
2383,1,1,0.5
2384,1,1,0.5
2385,1,1,0.5
2386,1,1,0.5
2387,1,1,0.5
2388,1,1,0.5
2389,1,1,0.5
2390,1,1,0.5
2391,1,1,0.5
2392,1,1,0.5
2393,1,1,0.5
2394,1,1,0.5
2395,1,1,0.5
2396,1,1,0.5
2397,1,1,0.5
2398,1,1,0.5
2399,1,1,0.5
2400,1,1,0.5
2401,1,1,0.5
2402,1,1,0.5
2403,1,1,0.5
2404,1,1,0.5
2405,1,1,0.5
2406,1,1,0.5
2407,1,1,0.5
2408,1,1,0.5
2409,1,1,0.5
2410,1,1,0.5
2411,1,1,0.5
2412,1,1,0.5
2413,1,1,0.5
2414,1,1,0.5
2415,1,1,0.5
2416,1,1,0.5
2417,1,1,0.5
2418,1,1,0.5
2419,1,1,0.5
2420,1,1,0.5
2421,1,1,0.5
2422,1,1,0.5
2423,1,1,0.5
2424,1,1,0.5
2425,1,1,0.5
2426,1,1,0.5
2427,1,1,0.5
2428,1,1,0.5
2429,1,1,0.5
2430,1,1,0.5
2431,1,1,0.5
2432,1,1,0.5
2433,1,1,0.5
2434,1,1,0.5
2435,1,1,0.5
2436,1,1,0.5
2437,1,1,0.5
2438,1,1,0.5
2439,1,1,0.5
2440,1,1,0.5
2441,1,1,0.5
2442,1,1,0.5
2443,1,1,0.5
2444,1,1,0.5
2445,1,1,0.5
2446,1,1,0.5
2447,1,1,0.5
2448,1,1,0.5
2449,1,1,0.5
2450,1,1,0.5
2451,1,1,0.5
2452,1,1,0.5
2453,1,1,0.5
2454,1,1,0.5
2455,1,1,0.5
2456,1,1,0.5
2457,1,1,0.5
2458,1,1,0.5
2459,1,1,0.5
2460,1,1,0.5
2461,1,1,0.5
2462,1,1,0.5
2463,1,1,0.5
2464,1,1,0.5
2465,1,1,0.5
2466,1,1,0.5
2467,1,1,0.5
2468,1,1,0.5
2469,1,1,0.5
2470,1,1,0.5
2471,1,1,0.5
2472,1,1,0.5
2473,1,1,0.5
2474,1,1,0.5
2475,1,1,0.5
2476,1,1,0.5
2477,1,1,0.5
2478,1,1,0.5
2479,1,1,0.5
2480,1,1,0.5
2481,1,1,0.5
2482,1,1,0.5
2483,1,1,0.5
2484,1,1,0.5
2485,1,1,0.5
2486,1,1,0.5
2487,1,1,0.5
2488,1,1,0.5
2489,1,1,0.5
2490,1,1,0.5
2491,1,1,0.5
2492,1,1,0.5
2493,1,1,0.5
2494,1,1,0.5
2495,1,1,0.5
2496,1,1,0.5
2497,1,1,0.5
2498,1,1,0.5
2499,1,1,0.5
2500,1,1,0.5